game,team,slot,pos,player,player_id,bats,opp_sp,sp_throws,matchup,side_form,side_pa,sp_pa,mix,mix_xwobacon,mix_barrel,mix_ev,mix_la,mix_bbe,dmg_mult,hr_mult,k_mult,exp_pa,proj_fp,naive_fp,pgs,proj_tb,proj_hits,proj_bb,proj_r,proj_rbi,proj_sb,hr_prob,hit_prob,park_hr,park_xbh,park_1b,park_runs,free_swinger,conf,bpp_tags,flags,recency_ratio,w21_mix_xw,mix_bbe_21,rev_platoon,fs_line,win_pct,win_pct_raw,edge_vs_flex
CIN@WAS,WSH,1,,CJ Abrams,682928,L,Chase Burns,R,OPP,348PA,348,316,FB 59/BRK 33/OFF 8,0.571,11.8,89.4,19.7,67,1.17,1.33,1.0,4.81,14.1,10.44,3.58,3.3,1.58,0.58,0.82,0.72,0.24,39.8,73.0,1.12,1.06,1.02,1.07,,HIGH,BPP HR +435,"LINEUP-PROJ,RAIN,RECENCY-HOT",1.205,0.774,33,,5.5,68.7,78.5,14.5
CHC@KC,CHC,2,,Pete Crow-Armstrong,691718,L,Seth Lugo,R,OPP,350PA,350,372,FB 53/BRK 35/OFF 12,0.592,12.4,89.0,21.7,61,1.19,1.35,1.07,4.7,12.63,10.48,2.07,2.76,1.34,0.67,0.72,0.75,0.23,29.0,70.7,1.21,1.03,1.02,1.1,,HIGH,BPP: RC+20% HR+4%; BPP HR +357,"LINEUP-PROJ,RAIN",1.086,0.727,35,,8.5,49.8,60.8,-4.4
CHC@KC,CHC,3,,Seiya Suzuki,673548,R,Seth Lugo,R,SAME,320PA,320,197,FB 50/BRK 47/OFF 3,0.528,11.2,88.1,17.4,69,1.11,1.24,1.04,4.57,11.54,8.33,3.13,2.61,1.34,0.59,0.75,0.87,0.04,29.3,68.2,1.21,1.03,1.02,1.1,,HIGH,BPP: RC+23% HR+26%; BPP HR +357,"LINEUP-PROJ,RAIN,RECENCY-HOT",1.179,0.689,36,YES,6.5,56.0,67.7,1.8
CHC@KC,KC,2,,Salvador Perez,521692,R,Clay Holmes,R,SAME,345PA,345,89,FB 64/BRK 32/OFF 4,0.489,9.4,90.1,13.8,75,1.06,1.15,1.02,4.7,11.49,7.5,3.91,2.66,1.41,0.46,0.88,0.86,0.0,30.7,64.4,1.21,1.03,1.02,1.1,,MED,,"LINEUP-PROJ,RAIN,SP-SMALL-SAMPLE,RECENCY-HOT",1.371,0.675,48,YES,4.5,71.6,80.5,17.4
CIN@WAS,CIN,1,,Elly De La Cruz,682829,L,Andrew Alvarez,L,SAME,128PA,128,81,BRK 55/FB 45,0.595,15.5,92.6,8.0,20,1.2,1.36,0.93,4.81,11.43,9.59,1.76,2.43,1.3,0.68,0.69,0.52,0.24,22.7,72.7,1.12,1.06,1.02,1.07,,MED,,"LINEUP-PROJ,RAIN,SP-SMALL-SAMPLE,RECENCY-THIN",1.0,,0,YES,8.0,44.6,56.2,-9.6
TOR@PHI,PHI,2,,Bryce Harper,547180,L,Max Scherzer,R,OPP,309PA,309,96,FB 49/BRK 30/OFF 20,0.576,11.7,91.3,14.4,69,1.17,1.3,1.04,4.73,11.29,8.64,2.57,2.61,1.21,0.66,0.68,0.76,0.05,31.3,69.8,1.42,0.93,0.95,1.12,,MED,BPP HR +410; BvP 7/26 4HR 1.232OPS,"LINEUP-PROJ,RAIN",1.009,0.648,34,,6.0,53.5,64.3,-0.7
ATL@NYY,ATL,2,,Matt Olson,621566,L,Gerrit Cole,R,OPP,301PA,301,200,FB 48/BRK 29/OFF 20,0.582,16.2,91.4,17.8,63,1.18,1.45,0.99,4.66,11.09,9.43,1.58,2.7,1.23,0.54,0.71,0.78,0.0,34.3,67.7,1.21,0.94,0.99,1.07,,HIGH,BPP HR +383,"LINEUP-PROJ,RAIN",1.085,0.686,27,,5.0,54.8,65.3,0.6
ATH@BOS,BOS,5,,Andruw Monasterio,655316,R,Gage Jump,L,OPP,96PA,96,212,FB 51/BRK 38/OFF 11,0.513,14.3,91.0,17.9,35,1.09,1.45,0.88,4.42,11.03,8.69,2.26,2.66,1.41,0.51,0.62,0.74,0.06,22.6,74.7,1.05,1.23,1.1,1.17,,HIGH,,"LINEUP-PROJ,RAIN,RECENCY-THIN",1.027,0.583,8,,4.5,73.6,82.2,19.4
CIN@WAS,WSH,5,,Daylen Lile,695734,L,Chase Burns,R,OPP,361PA,361,316,FB 59/BRK 33/OFF 8,0.471,14.6,90.7,19.6,78,1.04,1.45,0.99,4.28,11.02,8.15,2.79,2.61,1.26,0.37,0.62,0.82,0.11,30.6,66.2,1.12,1.06,1.02,1.07,,HIGH,,"LINEUP-PROJ,RAIN,RECENCY-HOT",1.156,0.617,38,,5.0,56.0,67.0,1.8
TOR@PHI,TOR,2,,George Springer,543807,R,Aaron Nola,R,SAME,280PA,280,204,FB 57/BRK 37/OFF 6,0.458,8.5,90.2,9.6,60,1.02,1.02,0.97,4.73,10.82,7.99,2.75,2.39,1.25,0.47,0.74,0.74,0.11,26.6,67.8,1.42,0.93,0.95,1.12,,HIGH,BPP HR +329,"LINEUP-PROJ,RAIN,RECENCY-HOT",1.108,0.506,39,YES,5.5,57.3,68.8,3.1
ATH@BOS,BOS,2,,Wilyer Abreu,677800,L,Gage Jump,L,SAME,158PA,158,78,FB 50/BRK 50/OFF 0,0.506,10.1,89.0,20.3,38,1.09,1.21,0.97,4.81,10.63,7.98,2.57,2.33,1.22,0.63,0.73,0.72,0.05,24.2,68.6,1.05,1.23,1.1,1.17,,MED,,"LINEUP-PROJ,RAIN,SP-SMALL-SAMPLE",1.048,0.58,15,YES,5.0,58.7,69.8,4.5
NYM@PIT,NYM,1,,Francisco Lindor,596019,L,Bubba Chandler,R,OPP,199PA,199,261,FB 53/OFF 23/BRK 23,0.505,9.8,91.2,17.6,71,1.08,1.22,1.03,4.8,10.62,8.69,1.85,2.43,1.31,0.58,0.77,0.59,0.05,24.6,66.5,0.99,1.13,1.0,1.06,,HIGH,,"LINEUP-PROJ,RAIN,RECENCY-HOT",1.187,0.651,35,,5.5,58.2,69.8,4.0
TOR@PHI,PHI,6,,Bryson Stott,681082,L,Max Scherzer,R,OPP,344PA,344,96,FB 49/BRK 30/OFF 20,0.512,7.3,90.8,15.4,77,1.09,1.03,0.91,4.21,10.29,8.08,2.13,2.1,1.24,0.59,0.66,0.68,0.16,16.8,63.4,1.42,0.93,0.95,1.12,,MED,BvP 8/15 0HR 1.163OPS,"LINEUP-PROJ,RAIN,RECENCY-HOT",1.229,0.638,34,,5.0,61.5,72.8,7.3
ATH@BOS,BOS,1,,Ceddanne Rafaela,678882,R,Gage Jump,L,OPP,129PA,129,212,FB 51/BRK 38/OFF 11,0.416,6.1,87.9,15.6,40,0.97,0.89,0.98,4.97,10.28,9.62,0.58,2.3,1.36,0.42,0.71,0.52,0.16,16.8,74.3,1.05,1.23,1.1,1.17,,HIGH,,"LINEUP-PROJ,RAIN,RECENCY-THIN",1.0,,0,,5.5,60.3,71.2,6.1
CLE@CHW,CHW,1,,Munetaka Murakami,808959,L,Gavin Williams,R,OPP,248PA,248,344,FB 50/BRK 48,0.637,15.0,92.4,17.4,24,1.25,1.45,1.25,4.72,10.09,8.26,1.75,2.42,1.17,0.56,0.73,0.59,0.0,29.1,63.7,0.95,0.91,1.08,1.01,,HIGH,,LINEUP-PROJ,1.158,1.045,21,,4.5,62.1,72.1,7.9
ATL@NYY,ATL,1,,Drake Baldwin,686948,L,Gerrit Cole,R,OPP,260PA,260,200,FB 48/BRK 29/OFF 20,0.528,9.5,91.1,11.5,74,1.11,1.12,0.92,4.81,10.08,8.39,1.61,2.26,1.27,0.58,0.74,0.56,0.05,26.0,69.4,1.21,0.94,0.99,1.07,,HIGH,,"LINEUP-PROJ,RAIN",1.066,0.654,35,,5.5,54.3,65.2,0.1
TOR@PHI,PHI,1,,Trea Turner,607208,R,Max Scherzer,R,SAME,347PA,347,63,FB 47/BRK 43/OFF 10,0.426,8.1,87.9,10.0,84,0.98,0.95,1.12,4.89,9.93,8.53,1.32,2.34,1.22,0.41,0.73,0.59,0.05,26.0,68.6,1.42,0.93,0.95,1.12,YES,MED,BPP HR-solid +26% SP factor,"LINEUP-PROJ,RAIN,SP-SMALL-SAMPLE",1.053,0.427,43,YES,5.5,51.9,62.5,-2.3
CLE@CHW,CLE,1,,Chase DeLauter,800050,L,Anthony Kay,L,SAME,128PA,128,140,FB 62/BRK 38,0.487,9.8,89.8,7.6,27,1.06,1.08,0.94,4.72,9.81,9.15,0.58,1.98,1.32,0.53,0.69,0.47,0.2,13.9,69.8,0.95,0.91,1.08,1.01,,HIGH,,"LINEUP-PROJ,RECENCY-THIN",1.096,0.646,11,YES,5.0,59.5,70.7,5.3
DET@SF,DET,1,,Dillon Dingler,693307,R,Landen Roupp,R,SAME,323PA,323,222,FB 56/BRK 33/OFF 11,0.499,10.6,86.9,17.7,71,1.08,1.14,0.95,4.72,9.72,8.1,1.54,2.35,1.36,0.49,0.71,0.53,0.0,21.3,70.1,0.79,1.21,1.05,1.01,,HIGH,,"LINEUP-PROJ,RECENCY-HOT",1.123,0.654,37,YES,6.5,49.5,60.7,-4.7
HOU@SD,SD,2,,Fernando Tatis Jr.,665487,R,Peter Lambert,R,SAME,405PA,405,215,FB 54/BRK 32/OFF 13,0.491,10.3,92.0,8.8,91,1.07,1.11,1.01,4.47,9.71,8.59,1.04,2.09,1.19,0.44,0.66,0.6,0.14,20.3,64.3,1.02,0.9,0.94,0.95,,HIGH,,"LINEUP-PROJ,RECENCY-HOT",1.157,0.638,36,YES,6.5,49.4,59.8,-4.8
ATH@BOS,BOS,3,,Caleb Durbin,702332,R,Gage Jump,L,OPP,117PA,117,212,FB 51/BRK 38/OFF 11,0.413,4.9,85.9,14.1,43,0.96,0.74,0.8,4.67,9.69,9.05,0.56,1.95,1.3,0.5,0.66,0.63,0.15,10.5,73.2,1.05,1.23,1.1,1.17,,HIGH,,"LINEUP-PROJ,RAIN",0.986,0.375,17,,5.0,60.7,71.5,6.5
NYM@PIT,PIT,4,,Brandon Lowe,664040,L,Robert Stock,R,OPP,347PA,347,12,FB 72/OFF 16/BRK 10,0.538,14.0,93.1,16.5,71,1.13,1.45,1.07,4.39,9.66,7.88,1.7,2.22,1.19,0.39,0.6,0.76,0.05,23.5,68.7,0.99,1.13,1.0,1.06,YES,LOW,BPP HR +426,"LINEUP-PROJ,RAIN,SP-SMALL-SAMPLE",1.03,0.607,34,,5.5,51.5,63.1,-2.7
CIN@WAS,WSH,3,,James Wood,695578,L,Chase Burns,R,OPP,371PA,371,316,FB 59/BRK 33/OFF 8,0.701,13.6,93.7,10.3,57,1.32,1.31,0.99,4.53,9.66,9.46,0.12,2.02,0.96,0.69,0.56,0.67,0.11,22.1,65.7,1.12,1.06,1.02,1.07,,HIGH,,"LINEUP-PROJ,RAIN,RECENCY-COLD",0.901,0.658,31,,,,,
CLE@CHW,CHW,2,,Miguel Vargas,678246,R,Gavin Williams,R,SAME,355PA,355,227,BRK 50/FB 49,0.547,14.9,89.7,18.0,81,1.14,1.45,0.97,4.57,9.64,7.92,1.64,2.19,1.1,0.54,0.64,0.65,0.05,25.0,64.2,0.95,0.91,1.08,1.01,,HIGH,,LINEUP-PROJ,1.066,0.576,39,YES,5.0,51.5,61.8,-2.7
CHC@KC,KC,1,,Carter Jensen,695600,L,Clay Holmes,R,OPP,327PA,327,126,FB 53/BRK 25/OFF 22,0.52,12.3,89.8,22.0,61,1.1,1.37,1.02,4.86,9.64,7.87,1.69,2.3,1.12,0.55,0.7,0.56,0.0,24.7,66.1,1.21,1.03,1.02,1.1,,HIGH,,"LINEUP-PROJ,RAIN",1.039,0.552,35,,5.0,51.6,62.1,-2.6
NYM@PIT,NYM,6,,Francisco Alvarez,682626,R,Bubba Chandler,R,SAME,219PA,219,226,FB 55/BRK 37/OFF 8,0.574,17.6,89.7,15.0,56,1.17,1.45,1.13,4.13,9.55,6.94,2.53,2.17,1.17,0.56,0.64,0.71,0.0,23.5,60.6,0.99,1.13,1.0,1.06,,HIGH,,"LINEUP-PROJ,RAIN",1.253,0.976,16,YES,,,,
HOU@SD,HOU,1,,Yordan Alvarez,670541,L,Michael King,R,OPP,385PA,385,339,FB 45/OFF 37/BRK 18,0.589,13.9,93.2,18.6,79,1.19,1.45,0.92,4.62,9.51,9.39,0.04,2.31,1.18,0.6,0.6,0.5,0.0,26.4,69.7,1.02,0.9,0.94,0.95,,HIGH,BPP HR +302,LINEUP-PROJ,0.99,0.66,39,,7.0,37.2,46.9,-17.0
MIN@MIL,MIN,2,,Royce Lewis,668904,R,Robert Gasser,L,OPP,92PA,92,199,FB 64/BRK 25/OFF 11,0.48,11.1,87.4,17.2,34,1.05,1.19,1.07,4.49,9.46,9.68,-0.3,1.99,1.03,0.42,0.57,0.57,0.22,21.3,64.2,1.08,0.9,0.91,0.96,,HIGH,BPP HR +413,"LINEUP-PROJ,RECENCY-THIN",0.999,0.525,13,,5.0,50.9,61.0,-3.3
HOU@SD,SD,1,,Manny Machado,592518,R,Peter Lambert,R,SAME,375PA,375,215,FB 54/BRK 32/OFF 13,0.545,12.8,90.8,16.3,80,1.14,1.38,1.02,4.62,9.41,8.1,1.23,2.29,1.16,0.52,0.63,0.52,0.0,27.2,66.5,1.02,0.9,0.94,0.95,,HIGH,BvP 4/13 1HR 0.742OPS,LINEUP-PROJ,1.065,0.536,41,YES,5.0,48.0,58.2,-6.2
TB@SEA,TB,1,,Junior Caminero,691406,R,George Kirby,R,SAME,377PA,377,261,FB 59/BRK 37/OFF 4,0.527,16.7,92.2,14.9,86,1.11,1.45,0.98,4.44,9.23,9.25,-0.1,2.41,1.11,0.43,0.55,0.49,0.0,31.2,65.5,0.97,0.79,0.9,0.85,,HIGH,BPP HR +376,LINEUP-PROJ,1.037,0.534,45,,5.5,44.1,53.5,-10.1
DET@SF,DET,4,,Riley Greene,682985,L,Landen Roupp,R,OPP,343PA,343,297,FB 53/OFF 26/BRK 21,0.586,17.7,89.1,14.6,64,1.19,1.45,1.05,4.32,9.18,8.24,0.86,2.02,1.1,0.51,0.59,0.69,0.05,18.0,64.0,0.79,1.21,1.05,1.01,,HIGH,,LINEUP-PROJ,1.079,0.685,33,,5.5,53.2,63.3,-1.0
MIN@MIL,MIL,1,,Jackson Chourio,694192,R,Taj Bradley,R,SAME,289PA,289,222,FB 79/OFF 12/BRK 9,0.466,10.2,91.5,10.9,90,1.03,1.15,0.92,4.63,9.13,8.04,1.01,2.0,1.15,0.46,0.67,0.5,0.1,20.3,64.0,1.08,0.9,0.91,0.96,,HIGH,,"LINEUP-PROJ,RECENCY-HOT",1.129,0.572,43,YES,6.0,44.6,55.4,-9.6
ATL@NYY,NYY,1,,Ben Rice,700250,L,Chris Sale,L,SAME,169PA,169,121,FB 60/BRK 38/OFF 2,0.496,12.1,89.4,10.6,40,1.07,1.23,1.06,4.81,9.1,7.72,1.3,2.11,1.08,0.52,0.68,0.56,0.0,24.7,64.3,1.21,0.94,0.99,1.07,,HIGH,,"LINEUP-PROJ,RAIN,RECENCY-THIN",1.05,0.608,14,YES,5.0,46.7,57.7,-7.5
LAA@MIA,MIA,1,,Kyle Stowers,669065,L,Walbert Ureña,R,OPP,307PA,307,237,FB 47/OFF 41/BRK 7,0.543,9.8,93.0,17.4,67,1.13,1.22,1.14,4.62,9.02,8.88,0.06,2.08,1.14,0.59,0.68,0.49,0.0,20.0,63.4,0.87,1.02,0.98,0.95,,HIGH,,"LINEUP-PROJ,RECENCY-HOT",1.128,0.73,32,,5.5,50.5,61.5,-3.7
ATH@BOS,BOS,7,,Willson Contreras,575929,R,Gage Jump,L,OPP,120PA,120,212,FB 51/BRK 38/OFF 11,0.479,9.9,88.0,18.6,24,1.05,1.16,1.11,4.14,9.01,8.19,0.74,1.98,1.07,0.61,0.52,0.6,0.06,19.0,65.5,1.05,1.23,1.1,1.17,,HIGH,BPP HR +432,"LINEUP-PROJ,RAIN,RECENCY-THIN",1.0,,0,,5.0,50.5,61.7,-3.7
CLE@CHW,CLE,4,,Steven Kwan,680757,L,Anthony Kay,L,SAME,128PA,128,140,FB 62/BRK 38,0.459,4.1,85.2,11.7,25,1.02,0.65,0.82,4.32,8.98,8.39,0.51,1.74,1.35,0.52,0.65,0.62,0.1,5.3,68.6,0.95,0.91,1.08,1.01,,HIGH,,"LINEUP-PROJ,RECENCY-THIN",1.168,0.712,11,YES,5.5,60.8,72.6,6.6
BAL@TEX,BAL,1,,Pete Alonso,624413,R,Jacob deGrom,R,SAME,366PA,366,193,BRK 53/FB 44/OFF 3,0.669,12.6,90.3,15.8,65,1.28,1.37,0.99,4.58,8.97,8.45,0.44,1.83,1.06,0.6,0.6,0.44,0.16,16.6,64.0,0.9,0.93,0.98,0.93,,HIGH,,LINEUP-PROJ,1.042,0.668,34,,5.5,51.5,62.2,-2.7
CIN@WAS,CIN,2,,Sal Stewart,701398,R,Andrew Alvarez,L,OPP,128PA,128,196,BRK 53/FB 42/OFF 5,0.502,8.2,91.0,11.1,23,1.08,1.03,1.0,4.66,8.96,9.11,-0.23,1.94,1.14,0.51,0.64,0.59,0.05,17.0,68.0,1.12,1.06,1.02,1.07,,HIGH,,"LINEUP-PROJ,RAIN,RECENCY-THIN",1.0,,0,,5.5,51.4,63.2,-2.8
ATL@NYY,NYY,2,,Heliot Ramos,671218,R,Chris Sale,L,OPP,72PA,72,372,FB 46/BRK 40/OFF 15,0.492,9.5,90.8,13.8,32,1.07,1.16,1.06,4.66,8.93,8.82,0.03,1.77,1.03,0.46,0.64,0.59,0.16,16.9,64.5,1.21,0.94,0.99,1.07,,HIGH,,"LINEUP-PROJ,RAIN,RECENCY-THIN",1.0,,0,,4.5,62.7,72.5,8.5
HOU@SD,SD,4,,Jackson Merrill,701538,L,Peter Lambert,R,OPP,361PA,361,248,FB 47/OFF 30/BRK 23,0.476,11.5,88.8,13.7,78,1.05,1.23,1.04,4.22,8.88,8.83,-0.03,1.83,1.0,0.39,0.57,0.69,0.14,21.0,59.3,1.02,0.9,0.94,0.95,,HIGH,,"LINEUP-PROJ,RECENCY-HOT",1.113,0.557,36,,5.0,47.6,57.5,-6.6
HOU@SD,HOU,3,,Jeremy Peña,665161,R,Michael King,R,SAME,236PA,236,225,FB 51/BRK 34/OFF 15,0.526,9.9,90.1,13.5,68,1.11,1.18,1.06,4.34,8.87,8.44,0.35,2.09,1.13,0.44,0.56,0.64,0.0,22.5,67.0,1.02,0.9,0.94,0.95,,HIGH,,LINEUP-PROJ,1.018,0.537,41,,6.5,41.3,51.6,-12.9
ATH@BOS,ATH,2,,Jonah Heim,641680,L,Jake Bennett,L,SAME,125PA,125,74,FB 73/BRK 14/OFF 11,0.505,11.4,90.7,15.2,52,1.08,1.29,0.97,4.81,8.85,6.98,1.79,1.98,1.15,0.42,0.68,0.65,0.0,18.7,68.2,1.05,1.23,1.1,1.17,,MED,,"LINEUP-PROJ,RAIN,SP-SMALL-SAMPLE,RECENCY-THIN",1.0,,0,YES,5.0,49.4,60.4,-4.8
BAL@TEX,TEX,1,,Wyatt Langford,694671,R,Kyle Bradish,R,SAME,210PA,210,211,BRK 54/FB 46,0.45,8.5,89.7,22.5,52,1.01,1.14,1.01,4.58,8.79,8.58,0.13,1.97,1.08,0.45,0.61,0.46,0.1,19.8,63.6,0.9,0.93,0.98,0.93,,HIGH,,LINEUP-PROJ,1.07,0.457,34,,5.5,47.4,57.7,-6.8
CHC@KC,CHC,5,,Nico Hoerner,663538,R,Seth Lugo,R,SAME,383PA,383,197,FB 50/BRK 47/OFF 3,0.411,3.2,86.1,14.2,104,0.96,0.6,0.88,4.32,8.74,7.54,1.12,1.75,1.22,0.35,0.62,0.61,0.14,9.9,66.7,1.21,1.03,1.02,1.1,,HIGH,,"LINEUP-PROJ,RAIN,RECENCY-HOT",1.11,0.447,57,YES,5.5,54.3,65.6,0.1
CHC@KC,CHC,4,,Alex Bregman,608324,R,Seth Lugo,R,SAME,394PA,394,197,FB 50/BRK 47/OFF 3,0.421,5.8,87.9,16.0,89,0.97,0.87,0.82,4.45,8.62,7.74,0.8,1.8,1.03,0.52,0.6,0.69,0.05,15.0,64.1,1.21,1.03,1.02,1.1,,HIGH,,"LINEUP-PROJ,RAIN",1.011,0.432,48,YES,5.5,51.0,62.3,-3.2
DET@SF,DET,3,,Spencer Torkelson,679529,R,Landen Roupp,R,SAME,341PA,341,222,FB 56/BRK 33/OFF 11,0.513,14.1,89.3,16.7,60,1.09,1.44,1.14,4.44,8.56,7.57,0.91,1.9,1.06,0.46,0.6,0.67,0.0,20.2,63.6,0.79,1.21,1.05,1.01,,HIGH,,LINEUP-PROJ,1.052,0.566,34,YES,4.5,58.6,68.3,4.4
NYM@PIT,PIT,5,,Esmerlyn Valdez,699013,R,Robert Stock,R,SAME,121PA,121,6,,0.441,7.9,88.2,13.3,0,1.0,1.0,1.0,4.27,8.56,8.28,0.2,1.85,0.95,0.6,0.58,0.67,0.0,19.6,58.7,0.99,1.13,1.0,1.06,,LOW,BPP: RC+30% HR+17%,"LINEUP-PROJ,RAIN,SP-SMALL-SAMPLE",1.073,0.958,18,,4.5,58.3,68.3,4.1
CIN@WAS,CIN,3,,JJ Bleday,668709,L,Andrew Alvarez,L,SAME,95PA,95,81,BRK 55/FB 45,0.514,9.6,87.3,13.9,18,1.1,1.07,1.09,4.53,8.55,7.83,0.64,1.59,0.89,0.62,0.6,0.65,0.11,16.8,58.9,1.12,1.06,1.02,1.07,,MED,,"LINEUP-PROJ,RAIN,SP-SMALL-SAMPLE,RECENCY-THIN",1.0,,0,YES,4.5,59.7,69.3,5.5
DET@SF,SF,1,,Rafael Devers,646240,L,Jackson Jobe,R,OPP,339PA,339,0,,0.441,7.9,88.2,13.3,0,1.0,1.0,1.0,4.72,8.54,9.28,-0.82,1.94,1.09,0.57,0.63,0.47,0.0,18.6,66.3,0.79,1.21,1.05,1.01,,LOW,,"LINEUP-PROJ,SP-SMALL-SAMPLE,RECENCY-THIN",1.0,,0,,5.0,47.0,57.3,-7.2
HOU@SD,SD,3,,Ty France,664034,R,Peter Lambert,R,SAME,230PA,230,215,FB 54/BRK 32/OFF 13,0.448,9.3,91.3,15.2,71,1.01,1.16,0.97,4.34,8.51,8.53,-0.1,2.0,1.13,0.42,0.54,0.61,0.0,20.0,67.9,1.02,0.9,0.94,0.95,,HIGH,,LINEUP-PROJ,0.987,0.43,39,,5.0,46.0,57.0,-8.2
LAD@ARI,LAD,2,,Shohei Ohtani,660271,L,Brandon Pfaadt,R,OPP,337PA,337,182,FB 54/BRK 24/OFF 22,0.501,12.4,92.0,15.5,59,1.08,1.35,1.15,4.55,8.49,8.71,-0.3,2.03,1.11,0.39,0.58,0.56,0.0,19.6,68.2,0.92,1.11,1.0,1.0,YES,HIGH,BPP HR +363; BvP 5/21 1HR 0.702OPS,LINEUP-PROJ,0.973,0.633,23,,8.5,28.3,36.2,-25.9
CIN@WAS,CIN,4,,Eugenio Suárez,553993,R,Andrew Alvarez,L,OPP,83PA,83,196,BRK 53/FB 42/OFF 5,0.552,12.3,89.6,14.7,16,1.14,1.33,1.25,4.4,8.47,7.98,0.41,1.81,0.92,0.58,0.57,0.71,0.0,19.3,60.2,1.12,1.06,1.02,1.07,,HIGH,,"LINEUP-PROJ,RAIN,RECENCY-THIN",1.0,,0,,4.5,57.5,66.9,3.3
CHC@KC,CHC,1,,Michael Busch,683737,L,Seth Lugo,R,OPP,376PA,376,372,FB 53/BRK 35/OFF 12,0.497,7.0,88.1,14.8,79,1.07,0.96,1.0,4.86,8.46,7.85,0.53,1.85,1.13,0.57,0.67,0.49,0.0,15.5,67.9,1.21,1.03,1.02,1.1,,HIGH,BPP HR-solid +20% SP factor,"LINEUP-PROJ,RAIN",0.992,0.546,47,,5.5,49.4,60.5,-4.8
ATH@BOS,BOS,6,,Masataka Yoshida,807799,L,Gage Jump,L,SAME,33PA,33,78,FB 50/BRK 50/OFF 0,0.491,8.8,88.3,11.2,10,1.07,1.03,1.0,4.28,8.45,7.19,1.18,1.91,1.2,0.47,0.58,0.6,0.0,13.7,68.8,1.05,1.23,1.1,1.17,,MED,,"LINEUP-PROJ,RAIN,SP-SMALL-SAMPLE,THIN-SIDE-SAMPLE,RECENCY-THIN",1.031,0.62,5,YES,,,,
NYM@PIT,PIT,2,,Nick Gonzales,693304,R,Robert Stock,R,SAME,325PA,325,6,,0.441,7.9,88.2,13.3,0,1.0,1.0,1.0,4.64,8.44,8.12,0.24,1.79,1.2,0.48,0.64,0.53,0.05,10.7,70.0,0.99,1.13,1.0,1.06,,LOW,,"LINEUP-PROJ,RAIN,SP-SMALL-SAMPLE",1.002,0.461,40,,5.0,52.3,63.6,-1.9
BAL@TEX,TEX,7,,Joc Pederson,592626,L,Kyle Bradish,R,OPP,333PA,333,325,FB 56/BRK 44,0.569,16.1,93.3,20.0,50,1.17,1.45,1.01,3.82,8.4,8.35,-0.03,2.01,0.97,0.41,0.43,0.56,0.06,25.7,60.1,0.9,0.93,0.98,0.93,,HIGH,,LINEUP-PROJ,1.057,0.636,27,,4.5,52.5,62.2,-1.7
CHC@KC,CHC,7,,Dansby Swanson,621020,R,Seth Lugo,R,SAME,315PA,315,197,FB 50/BRK 47/OFF 3,0.424,7.5,89.4,13.7,82,0.98,1.02,1.08,4.05,8.39,7.63,0.68,1.75,0.94,0.35,0.46,0.55,0.19,17.7,61.3,1.21,1.03,1.02,1.1,,HIGH,BPP: RC+24% HR+20%,"LINEUP-PROJ,RAIN",0.989,0.436,37,YES,4.5,58.0,66.6,3.8
ATL@NYY,ATL,9,,Ronald Acuña Jr.,660670,R,Gerrit Cole,R,SAME,192PA,192,112,FB 59/BRK 38/OFF 2,0.543,16.2,91.3,15.8,25,1.13,1.45,1.12,3.77,8.37,6.13,2.16,2.06,0.98,0.38,0.46,0.63,0.0,27.6,60.1,1.21,0.94,0.99,1.07,,MED,BPP HR +378,"LINEUP-PROJ,RAIN,RECENCY-THIN",1.062,0.715,14,YES,5.5,39.9,49.6,-14.3
TOR@PHI,PHI,4,,Luis Arraez,650333,L,Max Scherzer,R,OPP,345PA,345,96,FB 49/BRK 30/OFF 20,0.375,4.3,87.4,16.9,96,0.91,0.74,0.8,4.47,8.37,8.35,-0.06,1.67,1.12,0.41,0.59,0.62,0.11,10.0,68.7,1.42,0.93,0.95,1.12,,MED,BvP 3/6 0HR 1.167OPS,"LINEUP-PROJ,RAIN",0.967,0.322,47,,5.5,51.4,62.4,-2.8
BAL@TEX,TEX,2,,Ezequiel Duran,677649,R,Kyle Bradish,R,SAME,318PA,318,211,BRK 54/FB 46,0.44,9.1,87.0,12.3,73,1.0,1.0,1.03,4.44,8.36,8.51,-0.23,1.8,1.06,0.41,0.58,0.53,0.1,15.5,63.3,0.9,0.93,0.98,0.93,,HIGH,,LINEUP-PROJ,1.056,0.475,39,,4.5,60.2,70.3,6.0
NYM@PIT,PIT,3,,Jake Mangum,663968,L,Robert Stock,R,OPP,260PA,260,12,FB 72/OFF 16/BRK 10,0.467,4.9,88.0,4.0,82,1.04,0.72,0.96,4.51,8.36,8.07,0.21,1.61,1.14,0.45,0.65,0.6,0.09,8.1,65.1,0.99,1.13,1.0,1.06,,LOW,,"LINEUP-PROJ,RAIN,SP-SMALL-SAMPLE",1.083,0.487,40,,6.5,46.4,57.6,-7.8
CIN@WAS,WSH,2,,Dylan Crews,686611,R,Chase Burns,R,SAME,178PA,178,190,FB 54/BRK 46/OFF 0,0.493,9.1,88.6,12.5,53,1.07,1.07,1.13,4.66,8.31,7.41,0.82,1.62,0.97,0.55,0.68,0.6,0.06,14.6,59.2,1.12,1.06,1.02,1.07,,HIGH,,"LINEUP-PROJ,RAIN",1.082,0.609,24,YES,5.0,48.0,59.0,-6.2
TOR@PHI,PHI,5,,Kyle Schwarber,656941,L,Max Scherzer,R,OPP,311PA,311,96,FB 49/BRK 30/OFF 20,0.6,8.3,93.1,17.9,67,1.2,1.13,1.11,4.35,8.29,7.07,1.14,1.69,0.88,0.67,0.56,0.66,0.0,19.3,58.9,1.42,0.93,0.95,1.12,,MED,BPP HR +350; BvP 5/21 2HR 0.884OPS,"LINEUP-PROJ,RAIN,RECENCY-THIN",0.991,0.702,14,,6.5,38.5,48.8,-15.7
TOR@PHI,TOR,6,,Andrés Giménez,665926,L,Aaron Nola,R,OPP,285PA,285,339,FB 46/BRK 32/OFF 21,0.425,5.1,86.6,14.5,59,0.98,0.75,1.03,4.21,8.28,7.33,0.87,1.55,0.95,0.38,0.56,0.58,0.21,12.6,59.1,1.42,0.93,0.95,1.12,,HIGH,,"LINEUP-PROJ,RAIN",1.073,0.408,34,,3.5,67.7,77.4,13.5
CLE@CHW,CLE,5,,Jo Adell,666176,R,Anthony Kay,L,OPP,141PA,141,378,FB 57/BRK 24/OFF 19,0.538,9.6,88.5,13.5,40,1.13,1.12,1.15,4.19,8.27,7.21,0.98,1.82,1.02,0.49,0.56,0.64,0.0,19.4,61.2,0.95,0.91,1.08,1.01,,HIGH,,"LINEUP-PROJ,RECENCY-THIN",1.078,0.794,8,,5.0,44.6,55.5,-9.6
NYM@PIT,NYM,7,,Jared Young,676724,L,Bubba Chandler,R,OPP,191PA,191,261,FB 53/OFF 23/BRK 23,0.458,7.7,88.0,14.5,66,1.02,0.99,0.97,4.0,8.26,7.97,0.21,1.59,0.96,0.51,0.49,0.5,0.2,11.1,60.6,0.99,1.13,1.0,1.06,,HIGH,,"LINEUP-PROJ,RAIN",1.034,0.494,30,,4.5,61.3,71.3,7.1
NYM@PIT,NYM,4,,Carson Benge,701807,L,Bubba Chandler,R,OPP,357PA,357,261,FB 53/OFF 23/BRK 23,0.477,4.3,88.4,10.0,78,1.05,0.7,0.9,4.39,8.22,8.4,-0.26,1.6,1.09,0.47,0.58,0.59,0.11,8.1,65.9,0.99,1.13,1.0,1.06,,HIGH,,"LINEUP-PROJ,RAIN",1.006,0.47,36,,5.5,51.5,62.9,-2.7
ATH@BOS,BOS,4,,Jarren Duran,680776,L,Gage Jump,L,SAME,127PA,127,78,FB 50/BRK 50/OFF 0,0.469,5.6,84.1,6.5,31,1.04,0.72,1.0,4.54,8.22,7.23,0.91,1.44,1.0,0.47,0.62,0.64,0.16,7.9,64.0,1.05,1.23,1.1,1.17,,MED,,"LINEUP-PROJ,RAIN,SP-SMALL-SAMPLE,RECENCY-THIN",0.979,0.437,14,YES,4.5,64.4,73.7,10.2
COL@STL,STL,4,,Jordan Walker,691023,R,Kyle Freeland,L,OPP,125PA,125,369,FB 52/BRK 31/OFF 18,0.576,9.0,90.8,11.6,24,1.17,1.09,1.08,4.24,8.19,7.94,0.17,1.76,1.07,0.45,0.55,0.59,0.05,12.6,64.2,0.89,1.05,1.02,0.96,,HIGH,BvP 2/7 0HR 0.946OPS,"LINEUP-PROJ,RECENCY-THIN",1.043,0.802,6,,6.5,42.3,53.9,-11.9
ATL@NYY,ATL,6,,Austin Riley,663586,R,Gerrit Cole,R,SAME,322PA,322,112,FB 59/BRK 38/OFF 2,0.433,10.2,88.4,15.1,61,0.99,1.17,1.06,4.15,8.17,6.77,1.32,1.84,1.0,0.38,0.52,0.6,0.05,19.7,61.7,1.21,0.94,0.99,1.07,,MED,,"LINEUP-PROJ,RAIN",1.041,0.492,25,YES,3.5,62.3,71.9,8.1
MIN@MIL,MIL,3,,Garrett Mitchell,669003,L,Taj Bradley,R,OPP,314PA,314,326,FB 65/OFF 26/BRK 9,0.59,14.1,93.4,3.0,67,1.19,1.3,1.1,4.36,8.16,9.25,-1.17,1.46,0.81,0.57,0.51,0.53,0.22,12.8,57.9,1.08,0.9,0.91,0.96,,HIGH,,LINEUP-PROJ,0.93,0.547,37,,5.0,47.3,57.9,-6.9
ATH@BOS,ATH,6,,Henry Bolte,703607,R,Jake Bennett,L,OPP,106PA,106,206,FB 60/OFF 30/BRK 9,0.472,12.1,89.1,8.7,40,1.04,1.18,1.13,4.28,8.11,6.7,1.33,1.58,1.01,0.41,0.58,0.59,0.13,12.2,61.7,1.05,1.23,1.1,1.17,,HIGH,,"LINEUP-PROJ,RAIN,RECENCY-THIN",1.05,0.681,12,,5.0,48.2,58.8,-6.0
DET@SF,SF,4,,Jung Hoo Lee,808982,L,Jackson Jobe,R,OPP,317PA,317,0,,0.441,7.9,88.2,13.3,0,1.0,1.0,1.0,4.32,8.1,8.03,-0.01,1.69,1.06,0.38,0.54,0.57,0.1,9.3,65.4,0.79,1.21,1.05,1.01,,LOW,,"LINEUP-PROJ,SP-SMALL-SAMPLE,RECENCY-THIN",1.0,,0,,5.5,48.8,59.9,-5.4
DET@SF,DET,2,,Kevin McGonigle,805808,L,Landen Roupp,R,OPP,369PA,369,297,FB 53/OFF 26/BRK 21,0.502,6.8,87.5,17.2,82,1.08,0.94,0.84,4.57,8.09,8.41,-0.4,1.63,1.14,0.68,0.61,0.49,0.0,9.4,68.2,0.79,1.21,1.05,1.01,,HIGH,,LINEUP-PROJ,0.989,0.494,43,,6.5,43.2,55.6,-11.0
COL@STL,COL,3,,Cole Carrigg,694249,L,Matthew Liberatore,L,SAME,82PA,82,121,BRK 50/FB 50/OFF 0,0.432,3.7,88.6,15.9,39,0.99,0.72,1.06,4.36,8.06,8.61,-0.63,1.51,1.02,0.46,0.55,0.5,0.18,6.5,64.0,0.89,1.05,1.02,0.96,,HIGH,,"LINEUP-PROJ,RECENCY-THIN",1.0,,0,,5.5,50.6,61.2,-3.6
DET@SF,SF,2,,Willy Adames,642715,R,Jackson Jobe,R,SAME,355PA,355,0,,0.441,7.9,88.2,13.3,0,1.0,1.0,1.0,4.57,8.06,7.84,0.14,1.58,0.93,0.53,0.59,0.52,0.11,12.7,60.6,0.79,1.21,1.05,1.01,,LOW,,"LINEUP-PROJ,SP-SMALL-SAMPLE,RECENCY-THIN",1.0,,0,,5.0,47.4,57.9,-6.8
ATH@BOS,ATH,3,,Jacob Wilson,805779,R,Jake Bennett,L,OPP,111PA,111,206,FB 60/OFF 30/BRK 9,0.367,4.8,86.0,9.3,44,0.9,0.68,0.81,4.67,8.05,8.11,-0.14,1.57,1.07,0.35,0.63,0.61,0.11,8.4,67.0,1.05,1.23,1.1,1.17,YES,HIGH,,"LINEUP-PROJ,RAIN",0.967,0.276,29,,5.5,49.1,60.7,-5.1
MIN@MIL,MIL,2,,Brice Turang,668930,L,Taj Bradley,R,OPP,382PA,382,326,FB 65/OFF 26/BRK 9,0.496,7.5,88.5,11.4,89,1.07,0.95,0.93,4.49,8.04,8.25,-0.29,1.74,1.02,0.51,0.63,0.55,0.0,15.5,60.8,1.08,0.9,0.91,0.96,,HIGH,,LINEUP-PROJ,1.08,0.677,39,,6.5,39.6,50.3,-14.6
COL@STL,COL,1,,Jake McCarthy,664983,L,Matthew Liberatore,L,SAME,100PA,100,121,BRK 50/FB 50/OFF 0,0.467,6.2,82.3,6.4,39,1.04,0.76,0.97,4.63,8.04,8.79,-0.83,1.75,1.09,0.42,0.58,0.39,0.11,10.2,67.2,0.89,1.05,1.02,0.96,,HIGH,,LINEUP-PROJ,0.976,0.388,19,,7.5,33.3,43.7,-20.9
CIN@WAS,WSH,6,,Jacob Young,696285,R,Chase Burns,R,SAME,236PA,236,190,FB 54/BRK 46/OFF 0,0.411,3.7,84.7,11.6,36,0.96,0.61,0.98,4.15,8.02,7.92,0.02,1.41,0.95,0.51,0.55,0.51,0.21,5.9,58.1,1.12,1.06,1.02,1.07,,HIGH,,"LINEUP-PROJ,RAIN",1.091,0.493,16,,3.5,72.1,80.5,17.9
ATH@BOS,ATH,1,,Tyler Soderstrom,691016,L,Jake Bennett,L,SAME,139PA,139,74,FB 73/BRK 14/OFF 11,0.417,5.5,91.6,10.8,32,0.97,0.84,1.01,4.97,7.99,7.7,0.21,1.7,1.09,0.5,0.69,0.49,0.0,12.6,67.2,1.05,1.23,1.1,1.17,,MED,,"LINEUP-PROJ,RAIN,SP-SMALL-SAMPLE",0.975,0.392,25,,5.0,47.0,59.0,-7.2
LAD@ARI,ARI,1,,Geraldo Perdomo,672695,L,Yoshinobu Yamamoto,R,OPP,358PA,358,268,FB 53/OFF 31/BRK 15,0.444,6.9,87.7,19.8,92,1.0,0.96,0.8,4.7,7.95,8.76,-0.89,1.58,0.98,0.58,0.6,0.41,0.09,11.5,63.5,0.92,1.11,1.0,1.0,,HIGH,BvP 4/15 1HR 0.78OPS,LINEUP-PROJ,0.975,0.436,44,,5.0,46.0,57.8,-8.2
MIN@MIL,MIN,1,,Kody Clemens,665019,L,Robert Gasser,L,SAME,103PA,103,88,FB 71/BRK 28/OFF 1,0.449,8.7,88.0,13.0,27,1.01,1.03,1.03,4.63,7.93,8.15,-0.3,1.7,0.86,0.43,0.57,0.43,0.11,18.2,59.2,1.08,0.9,0.91,0.96,,MED,,"LINEUP-PROJ,SP-SMALL-SAMPLE",0.961,0.409,21,,5.0,40.9,51.2,-13.3
CLE@CHW,CLE,3,,Travis Bazzana,683953,L,Anthony Kay,L,SAME,120PA,120,140,FB 62/BRK 38,0.438,3.8,87.3,12.9,26,1.0,0.66,0.9,4.44,7.88,7.67,0.13,1.27,0.94,0.53,0.61,0.54,0.2,5.4,59.5,0.95,0.91,1.08,1.01,,HIGH,BPP: RC+19% HR+-17%,"LINEUP-PROJ,RECENCY-THIN",1.05,0.551,7,,3.5,72.6,80.9,18.4
COL@STL,STL,3,,Alec Burleson,676475,L,Kyle Freeland,L,SAME,146PA,146,134,FB 61/BRK 35/OFF 4,0.473,10.6,90.7,8.4,33,1.04,1.13,1.07,4.36,7.88,7.52,0.28,1.78,1.1,0.38,0.58,0.58,0.0,13.1,64.4,0.89,1.05,1.02,0.96,,HIGH,,LINEUP-PROJ,1.07,0.489,18,,5.5,45.7,57.5,-8.5
MIN@MIL,MIL,4,,Christian Yelich,592885,L,Taj Bradley,R,OPP,278PA,278,326,FB 65/OFF 26/BRK 9,0.492,12.2,89.7,4.1,79,1.07,1.21,0.99,4.24,7.85,8.01,-0.24,1.35,0.76,0.51,0.51,0.58,0.21,11.9,52.6,1.08,0.9,0.91,0.96,,HIGH,,LINEUP-PROJ,1.009,0.486,45,,5.0,44.4,55.5,-9.8
HOU@SD,HOU,9,,Taylor Trammell,666211,L,Michael King,R,OPP,152PA,152,339,FB 45/OFF 37/BRK 18,0.549,14.8,88.6,13.3,42,1.14,1.39,1.2,3.61,7.83,6.93,0.82,1.62,0.79,0.49,0.44,0.54,0.13,22.2,50.9,1.02,0.9,0.94,0.95,,HIGH,,LINEUP-PROJ,1.116,0.655,22,,4.0,50.3,59.4,-3.9
DET@SF,DET,6,,Zach McKinstry,656716,L,Landen Roupp,R,OPP,261PA,261,297,FB 53/OFF 26/BRK 21,0.449,5.4,87.7,16.0,76,1.01,0.84,0.89,4.06,7.83,6.97,0.78,1.72,1.16,0.47,0.57,0.52,0.0,6.4,62.6,0.79,1.21,1.05,1.01,,HIGH,,"LINEUP-PROJ,RECENCY-HOT",1.184,0.481,39,,3.5,72.2,80.7,18.0
LAD@ARI,LAD,3,,Freddie Freeman,518692,L,Brandon Pfaadt,R,OPP,336PA,336,182,FB 54/BRK 24/OFF 22,0.471,5.8,88.2,13.3,67,1.04,0.86,0.95,4.42,7.83,8.93,-1.18,1.61,1.16,0.4,0.54,0.48,0.11,6.6,71.8,0.92,1.11,1.0,1.0,,HIGH,,"LINEUP-PROJ,RECENCY-COLD",0.912,0.415,31,,6.5,43.9,54.8,-10.3
LAD@ARI,LAD,9,,Dalton Rushing,687221,L,Brandon Pfaadt,R,OPP,186PA,186,182,FB 54/BRK 24/OFF 22,0.55,14.5,90.7,16.3,37,1.14,1.45,1.09,3.68,7.81,6.52,1.21,1.91,1.03,0.37,0.45,0.54,0.0,20.2,60.5,0.92,1.11,1.0,1.0,,HIGH,,"LINEUP-PROJ,RECENCY-THIN",1.108,0.938,9,,,,,
CHC@KC,CHC,8,,Pedro Ramírez,699393,L,Seth Lugo,R,OPP,103PA,103,372,FB 53/BRK 35/OFF 12,0.408,3.5,87.8,14.1,41,0.95,0.66,1.06,3.93,7.79,7.56,0.15,1.52,0.99,0.41,0.49,0.47,0.18,7.3,61.9,1.21,1.03,1.02,1.1,,HIGH,,"LINEUP-PROJ,RAIN",1.036,0.38,32,,,,,
COL@STL,COL,6,,Hunter Goodman,696100,R,Matthew Liberatore,L,OPP,143PA,143,374,FB 43/BRK 37/OFF 20,0.601,11.6,88.9,15.9,24,1.2,1.28,1.18,3.99,7.79,8.24,-0.53,1.83,0.95,0.45,0.46,0.55,0.0,21.1,61.0,0.89,1.05,1.02,0.96,,HIGH,,"LINEUP-PROJ,RECENCY-THIN",1.006,0.623,7,,5.5,39.8,49.2,-14.4
LAD@ARI,ARI,5,,Tim Tawa,694374,R,Yoshinobu Yamamoto,R,SAME,142PA,142,258,FB 52/BRK 24/OFF 23,0.442,9.9,87.9,8.0,64,1.0,1.02,1.04,4.18,7.76,7.29,0.39,1.7,1.0,0.33,0.54,0.6,0.05,15.6,60.6,0.92,1.11,1.0,1.0,YES,HIGH,,LINEUP-PROJ,1.07,0.428,38,,3.5,62.9,72.1,8.7
LAD@ARI,ARI,2,,Corbin Carroll,682998,L,Yoshinobu Yamamoto,R,OPP,350PA,350,268,FB 53/OFF 31/BRK 15,0.441,10.6,90.8,18.7,80,1.0,1.27,1.03,4.55,7.75,8.31,-0.64,1.36,0.74,0.5,0.54,0.47,0.23,10.9,55.1,0.92,1.11,1.0,1.0,,HIGH,,LINEUP-PROJ,0.926,0.438,45,,5.5,44.8,54.6,-9.4
MIN@MIL,MIL,7,,Jake Bauers,641343,L,Taj Bradley,R,OPP,326PA,326,326,FB 65/OFF 26/BRK 9,0.628,12.8,92.7,13.1,61,1.24,1.33,1.06,3.86,7.74,7.98,-0.32,1.61,0.8,0.52,0.42,0.5,0.12,19.7,56.3,1.08,0.9,0.91,0.96,,HIGH,,LINEUP-PROJ,0.967,0.549,28,,,,,
MIN@MIL,MIL,8,,Andrew Vaughn,683734,R,Taj Bradley,R,SAME,160PA,160,222,FB 79/OFF 12/BRK 9,0.5,8.8,91.0,13.6,45,1.08,1.11,0.8,3.75,7.73,6.16,1.49,1.72,1.01,0.45,0.51,0.56,0.0,17.4,54.4,1.08,0.9,0.91,0.96,,HIGH,,LINEUP-PROJ,1.284,0.725,23,YES,5.0,41.5,51.7,-12.7
NYM@PIT,PIT,1,,Bryan Reynolds,668804,L,Robert Stock,R,OPP,355PA,355,12,FB 72/OFF 16/BRK 10,0.53,10.4,90.5,13.8,59,1.12,1.21,1.01,4.8,7.73,7.67,-0.02,1.69,0.98,0.58,0.6,0.42,0.0,13.4,65.6,0.99,1.13,1.0,1.06,,LOW,,"LINEUP-PROJ,RAIN,SP-SMALL-SAMPLE,RECENCY-COLD",0.916,0.477,32,,5.5,43.6,54.6,-10.6
CIN@WAS,CIN,7,,Noelvi Marte,682622,R,Andrew Alvarez,L,OPP,55PA,55,196,BRK 53/FB 42/OFF 5,0.417,12.3,89.5,20.2,28,0.97,1.36,0.95,4.01,7.73,6.88,0.77,1.51,0.87,0.38,0.46,0.51,0.2,14.1,58.2,1.12,1.06,1.02,1.07,,MED,,"LINEUP-PROJ,RAIN,RECENCY-THIN",1.0,,0,,5.5,42.7,52.9,-11.5
NYM@PIT,NYM,3,,A.J. Ewing,805999,L,Bubba Chandler,R,OPP,230PA,230,261,FB 53/OFF 23/BRK 23,0.434,9.1,89.2,11.1,86,0.99,1.07,0.97,4.51,7.72,9.07,-1.43,1.39,0.86,0.45,0.49,0.48,0.22,8.7,65.0,0.99,1.13,1.0,1.06,,HIGH,,"LINEUP-PROJ,RAIN,RECENCY-COLD",0.82,0.34,45,,5.5,45.4,55.5,-8.8
COL@STL,COL,2,,TJ Rumfield,681198,L,Matthew Liberatore,L,SAME,136PA,136,121,BRK 50/FB 50/OFF 0,0.42,4.5,83.2,14.1,44,0.97,0.71,0.86,4.49,7.72,7.74,-0.1,1.61,1.15,0.55,0.6,0.48,0.0,7.1,65.9,0.89,1.05,1.02,0.96,,HIGH,,LINEUP-PROJ,1.061,0.448,16,,,,,
TOR@PHI,TOR,8,,Myles Straw,664702,R,Aaron Nola,R,SAME,98PA,98,204,FB 57/BRK 37/OFF 6,0.38,3.8,86.8,16.0,49,0.91,0.67,0.8,3.95,7.71,6.42,1.21,1.52,0.9,0.3,0.51,0.52,0.2,10.5,56.3,1.42,0.93,0.95,1.12,YES,HIGH,,"LINEUP-PROJ,RAIN",1.09,0.421,17,YES,3.5,65.1,74.3,10.9
DET@SF,SF,3,,Bryce Eldridge,805811,L,Jackson Jobe,R,OPP,219PA,219,0,,0.441,7.9,88.2,13.3,0,1.0,1.0,1.0,4.44,7.69,7.82,-0.21,1.49,0.92,0.55,0.58,0.56,0.05,11.1,60.3,0.79,1.21,1.05,1.01,,LOW,,"LINEUP-PROJ,SP-SMALL-SAMPLE,RECENCY-THIN",1.0,,0,,,,,
CHC@KC,KC,3,,Isaac Collins,686555,L,Clay Holmes,R,OPP,277PA,277,126,FB 53/BRK 25/OFF 22,0.436,5.3,88.5,12.0,60,0.99,0.81,0.96,4.57,7.67,8.57,-0.98,1.53,0.93,0.51,0.57,0.54,0.06,8.8,64.2,1.21,1.03,1.02,1.1,,HIGH,,"LINEUP-PROJ,RAIN,RECENCY-COLD",0.901,0.392,31,,,,,
TOR@PHI,PHI,3,,Alec Bohm,664761,R,Max Scherzer,R,SAME,330PA,330,63,FB 47/BRK 43/OFF 10,0.428,5.9,90.8,7.7,85,0.98,0.84,0.96,4.6,7.65,7.1,0.47,1.46,0.88,0.46,0.63,0.64,0.05,12.7,58.7,1.42,0.93,0.95,1.12,,MED,BPP HR-solid +35% SP factor; BvP 7/24 1HR 0.709OPS,"LINEUP-PROJ,RAIN,SP-SMALL-SAMPLE",0.998,0.383,42,,5.0,43.4,54.6,-10.8
ATH@BOS,ATH,4,,Tommy White,695720,R,Jake Bennett,L,OPP,36PA,36,206,FB 60/OFF 30/BRK 9,0.411,6.3,87.3,4.8,24,0.96,0.79,0.99,4.54,7.65,6.86,0.71,1.58,1.18,0.33,0.64,0.64,0.0,6.9,68.9,1.05,1.23,1.1,1.17,YES,MED,,"LINEUP-PROJ,RAIN,THIN-SIDE-SAMPLE",1.012,0.361,24,,5.5,49.2,60.2,-5.0
TOR@PHI,TOR,3,,Kazuma Okamoto,672960,R,Aaron Nola,R,SAME,361PA,361,204,FB 57/BRK 37/OFF 6,0.393,7.2,86.6,18.7,75,0.93,0.92,1.08,4.6,7.65,7.17,0.4,1.64,0.82,0.36,0.53,0.64,0.05,19.0,62.0,1.42,0.93,0.95,1.12,YES,HIGH,BPP HR +408,"LINEUP-PROJ,RAIN,RECENCY-COLD",0.849,0.361,37,,4.5,50.0,59.0,-4.3
MIN@MIL,MIN,3,,Josh Bell,605137,L,Robert Gasser,L,SAME,149PA,149,88,FB 71/BRK 28/OFF 1,0.413,9.1,89.9,15.1,33,0.96,1.15,0.84,4.36,7.65,7.78,-0.21,1.69,0.94,0.43,0.55,0.58,0.0,16.3,60.9,1.08,0.9,0.91,0.96,,MED,,"LINEUP-PROJ,SP-SMALL-SAMPLE,RECENCY-THIN",1.0,,0,,5.0,40.9,51.5,-13.3
LAA@MIA,MIA,5,,Griffin Conine,665052,L,Walbert Ureña,R,OPP,131PA,131,237,FB 47/OFF 41/BRK 7,0.592,14.8,92.1,14.3,57,1.19,1.45,1.22,4.11,7.64,8.09,-0.53,1.69,0.86,0.54,0.48,0.58,0.0,19.5,58.0,0.87,1.02,0.98,0.95,,HIGH,,LINEUP-PROJ,0.992,0.69,26,,5.0,39.4,48.9,-14.8
HOU@SD,HOU,2,,Isaac Paredes,670623,R,Michael King,R,SAME,367PA,367,225,FB 51/BRK 34/OFF 15,0.437,5.8,85.0,20.5,95,0.99,0.83,0.8,4.47,7.64,7.58,-0.02,1.54,0.96,0.59,0.61,0.52,0.0,13.2,59.5,1.02,0.9,0.94,0.95,,HIGH,,LINEUP-PROJ,1.07,0.473,47,,5.0,44.3,55.3,-9.9
CIN@WAS,CIN,6,,Tyler Stephenson,663886,R,Andrew Alvarez,L,OPP,76PA,76,196,BRK 53/FB 42/OFF 5,0.507,8.4,89.3,12.4,17,1.09,1.05,0.8,4.15,7.61,7.88,-0.35,1.63,1.01,0.58,0.51,0.51,0.0,11.1,63.5,1.12,1.06,1.02,1.07,,HIGH,,"LINEUP-PROJ,RAIN,RECENCY-THIN",1.0,,0,,,,,
ATL@NYY,ATL,7,,Lane Thomas,657041,R,Gerrit Cole,R,SAME,203PA,203,112,FB 59/BRK 38/OFF 2,0.431,10.7,89.7,18.2,58,0.99,1.28,0.98,4.01,7.6,7.12,0.4,1.56,0.84,0.37,0.43,0.5,0.17,15.3,59.5,1.21,0.94,0.99,1.07,,MED,,"LINEUP-PROJ,RAIN",0.937,0.374,27,,,,,
COL@STL,COL,4,,Willi Castro,650489,L,Matthew Liberatore,L,SAME,139PA,139,121,BRK 50/FB 50/OFF 0,0.399,8.0,82.4,20.7,31,0.94,0.97,0.99,4.24,7.56,7.82,-0.34,1.57,0.95,0.4,0.51,0.58,0.06,13.3,61.2,0.89,1.05,1.02,0.96,,HIGH,,"LINEUP-PROJ,RECENCY-THIN",1.0,,0,,4.5,55.5,65.1,1.3
CHC@KC,KC,5,,Jac Caglianone,695506,L,Clay Holmes,R,OPP,306PA,306,126,FB 53/BRK 25/OFF 22,0.429,10.3,90.3,9.9,78,0.98,1.13,1.0,4.32,7.51,7.13,0.3,1.64,0.92,0.32,0.51,0.58,0.06,14.7,63.1,1.21,1.03,1.02,1.1,,HIGH,,"LINEUP-PROJ,RAIN",0.921,0.495,42,,5.0,40.9,51.1,-13.3
HOU@SD,SD,6,,Luis Rengifo,650859,L,Peter Lambert,R,OPP,182PA,182,248,FB 47/OFF 30/BRK 23,0.462,5.6,87.9,9.2,33,1.03,0.77,0.9,3.98,7.51,7.99,-0.56,1.34,0.92,0.53,0.53,0.5,0.14,9.7,55.2,1.02,0.9,0.94,0.95,,HIGH,,"LINEUP-PROJ,RECENCY-HOT",1.146,0.479,32,,,,,
CLE@CHW,CHW,5,,Chase Meidroth,805367,R,Gavin Williams,R,SAME,346PA,346,227,BRK 50/FB 49,0.445,6.0,85.8,12.2,63,1.01,0.79,0.91,4.19,7.49,7.31,0.1,1.54,1.04,0.5,0.56,0.56,0.0,11.3,61.7,0.95,0.91,1.08,1.01,,HIGH,,LINEUP-PROJ,1.08,0.459,33,,3.5,66.6,76.4,12.4
COL@STL,STL,5,,Masyn Winn,691026,R,Kyle Freeland,L,OPP,114PA,114,369,FB 52/BRK 31/OFF 18,0.468,4.7,88.8,14.7,23,1.04,0.8,1.05,4.12,7.48,7.23,0.17,1.41,0.97,0.43,0.52,0.5,0.14,6.7,59.7,0.89,1.05,1.02,0.96,,HIGH,,"LINEUP-PROJ,RECENCY-THIN",1.067,0.635,7,,5.0,45.9,56.9,-8.3
TB@SEA,SEA,1,,Randy Arozarena,668227,R,Griffin Jax,R,SAME,364PA,364,149,FB 44/BRK 43/OFF 12,0.55,9.4,90.3,11.9,76,1.14,1.12,1.07,4.44,7.44,8.34,-0.98,1.56,0.88,0.61,0.53,0.38,0.05,16.0,58.7,0.97,0.79,0.9,0.85,,HIGH,BvP 4/7 1HR 1.7OPS,LINEUP-PROJ,0.985,0.517,33,,5.5,40.0,50.2,-14.2
MIN@MIL,MIN,5,,Luke Keaschall,807712,R,Robert Gasser,L,OPP,135PA,135,199,FB 64/BRK 25/OFF 11,0.544,5.2,87.5,13.2,18,1.13,0.78,1.11,4.12,7.44,7.98,-0.62,1.43,0.93,0.52,0.55,0.55,0.06,11.1,56.3,1.08,0.9,0.91,0.96,,HIGH,,"LINEUP-PROJ,RECENCY-THIN",1.123,0.843,6,,5.0,43.9,55.4,-10.3
TB@SEA,SEA,3,,Julio Rodríguez,677594,R,Griffin Jax,R,SAME,340PA,340,149,FB 44/BRK 43/OFF 12,0.507,8.4,88.4,13.2,56,1.09,1.03,1.06,4.18,7.43,8.32,-0.97,1.41,0.89,0.43,0.49,0.5,0.14,13.6,58.6,0.97,0.79,0.9,0.85,,HIGH,,LINEUP-PROJ,1.009,0.465,38,,5.5,41.1,50.9,-13.1
TOR@PHI,TOR,1,,Ernie Clement,676391,R,Aaron Nola,R,SAME,333PA,333,204,FB 57/BRK 37/OFF 6,0.332,3.5,83.9,16.4,97,0.84,0.64,0.82,4.89,7.43,7.19,0.16,1.55,1.06,0.35,0.66,0.43,0.05,9.0,66.8,1.42,0.93,0.95,1.12,YES,HIGH,,"LINEUP-PROJ,RAIN",0.965,0.273,47,,4.5,58.2,67.8,4.0
LAA@MIA,LAA,1,,Zach Neto,687263,R,Sandy Alcantara,R,SAME,386PA,386,268,FB 62/BRK 24/OFF 13,0.446,8.1,87.2,19.3,61,1.01,1.01,1.11,4.62,7.42,7.45,-0.11,1.49,0.95,0.44,0.59,0.4,0.11,10.3,60.4,0.87,1.02,0.98,0.95,,HIGH,,LINEUP-PROJ,1.02,0.563,26,,5.5,42.8,53.9,-11.4
BAL@TEX,TEX,3,,Brandon Nimmo,607043,L,Kyle Bradish,R,OPP,359PA,359,325,FB 56/BRK 44,0.517,13.9,90.0,13.0,46,1.1,1.38,0.97,4.31,7.42,8.79,-1.45,1.49,0.88,0.48,0.48,0.49,0.1,10.9,61.3,0.9,0.93,0.98,0.93,,HIGH,,LINEUP-PROJ,0.925,0.458,25,,5.0,42.9,52.3,-11.3
COL@STL,STL,1,,JJ Wetherholt,802139,L,Kyle Freeland,L,SAME,177PA,177,134,FB 61/BRK 35/OFF 4,0.43,9.7,88.9,9.1,48,0.99,1.05,0.87,4.63,7.41,7.7,-0.37,1.4,0.9,0.51,0.53,0.37,0.15,10.3,62.6,0.89,1.05,1.02,0.96,,HIGH,,LINEUP-PROJ,0.921,0.398,25,,5.0,42.6,52.9,-11.6
CHC@KC,KC,7,,Tyler Tolbert,686475,R,Clay Holmes,R,SAME,50PA,50,89,FB 64/BRK 32/OFF 4,0.39,7.9,84.7,9.7,24,0.93,0.87,1.04,4.05,7.4,7.83,-0.51,1.42,0.89,0.36,0.43,0.46,0.2,11.4,62.6,1.21,1.03,1.02,1.1,,MED,,"LINEUP-PROJ,RAIN,SP-SMALL-SAMPLE,RECENCY-THIN",0.904,0.228,10,,,,,
LAD@ARI,LAD,6,,Kyle Tucker,663656,L,Brandon Pfaadt,R,OPP,322PA,322,182,FB 54/BRK 24/OFF 22,0.534,10.1,88.9,19.1,59,1.12,1.21,0.93,4.05,7.37,7.27,0.02,1.53,0.95,0.46,0.49,0.51,0.06,13.4,61.0,0.92,1.11,1.0,1.0,,HIGH,,LINEUP-PROJ,1.015,0.523,31,,5.5,41.6,52.0,-12.6
ATL@NYY,NYY,5,,Jasson Domínguez,691176,L,Chris Sale,L,SAME,89PA,89,121,FB 60/BRK 38/OFF 2,0.409,7.0,85.5,16.0,40,0.96,0.9,0.95,4.28,7.33,6.73,0.52,1.5,0.95,0.38,0.54,0.57,0.06,11.3,61.3,1.21,0.94,0.99,1.07,YES,HIGH,,"LINEUP-PROJ,RAIN,RECENCY-THIN",1.0,,0,YES,,,,
TOR@PHI,TOR,9,,Luis Urías,649966,R,Aaron Nola,R,SAME,24PA,24,204,FB 57/BRK 37/OFF 6,0.416,7.8,87.2,12.6,16,0.97,0.94,0.8,3.83,7.32,5.88,1.36,1.72,0.91,0.37,0.46,0.55,0.0,18.9,59.6,1.42,0.93,0.95,1.12,,LOW,,"LINEUP-PROJ,RAIN,THIN-SIDE-SAMPLE,RECENCY-THIN",1.0,,0,YES,,,,
DET@SF,DET,7,,Colt Keith,690993,L,Landen Roupp,R,OPP,318PA,318,297,FB 53/OFF 26/BRK 21,0.462,7.4,89.7,15.8,71,1.03,1.05,0.82,3.93,7.28,7.67,-0.47,1.62,1.03,0.42,0.44,0.43,0.06,8.3,64.9,0.79,1.21,1.05,1.01,,HIGH,,LINEUP-PROJ,0.982,0.437,42,,5.0,43.3,53.9,-10.9
LAD@ARI,ARI,3,,Gabriel Moreno,672515,R,Yoshinobu Yamamoto,R,SAME,280PA,280,258,FB 52/BRK 24/OFF 23,0.471,4.6,87.7,10.6,85,1.04,0.71,0.81,4.42,7.28,7.74,-0.54,1.46,1.04,0.55,0.57,0.51,0.0,6.0,65.3,0.92,1.11,1.0,1.0,,HIGH,,LINEUP-PROJ,0.981,0.477,39,,5.0,46.4,58.3,-7.8
ATL@NYY,NYY,6,,Jazz Chisholm Jr.,665862,L,Chris Sale,L,SAME,146PA,146,121,FB 60/BRK 38/OFF 2,0.4,5.7,87.8,16.3,23,0.94,0.87,1.11,4.15,7.27,6.91,0.28,1.32,0.79,0.34,0.49,0.52,0.21,11.4,54.5,1.21,0.94,0.99,1.07,YES,HIGH,,"LINEUP-PROJ,RAIN,RECENCY-THIN",1.0,,0,,,,,
DET@SF,SF,5,,Drew Gilbert,687551,L,Jackson Jobe,R,OPP,245PA,245,0,,0.441,7.9,88.2,13.3,0,1.0,1.0,1.0,4.19,7.26,7.22,-0.04,1.37,0.96,0.52,0.52,0.5,0.08,6.8,61.8,0.79,1.21,1.05,1.01,,LOW,,"LINEUP-PROJ,SP-SMALL-SAMPLE,RECENCY-THIN",1.0,,0,,4.0,58.8,68.9,4.6
COL@STL,STL,6,,Blaze Jordan,691458,R,Kyle Freeland,L,OPP,49PA,49,369,FB 52/BRK 31/OFF 18,0.476,9.2,89.6,13.1,31,1.05,1.12,0.91,3.99,7.25,6.44,0.73,1.74,1.06,0.33,0.47,0.46,0.0,8.7,63.7,0.89,1.05,1.02,0.96,YES,MED,,"LINEUP-PROJ,RECENCY-THIN",1.046,0.529,11,,,,,
CIN@WAS,WSH,4,,Nasim Nuñez,683083,L,Chase Burns,R,OPP,278PA,278,316,FB 59/BRK 33/OFF 8,0.398,3.1,84.6,6.6,54,0.94,0.6,0.92,4.4,7.21,7.58,-0.45,1.06,0.81,0.5,0.53,0.52,0.22,4.4,58.2,1.12,1.06,1.02,1.07,,HIGH,,"LINEUP-PROJ,RAIN",0.932,0.318,36,,4.0,56.7,68.3,2.5
ATL@NYY,NYY,4,,Luis García Jr.,671277,L,Chris Sale,L,SAME,66PA,66,121,FB 60/BRK 38/OFF 2,0.308,5.3,82.8,13.8,28,0.81,0.76,0.92,4.4,7.2,8.94,-1.82,1.52,0.87,0.42,0.51,0.61,0.0,14.1,61.5,1.21,0.94,0.99,1.07,,HIGH,,"LINEUP-PROJ,RAIN",0.917,0.197,16,,,,,
BAL@TEX,BAL,2,,Gunnar Henderson,683002,L,Jacob deGrom,R,OPP,367PA,367,278,FB 44/BRK 36/OFF 19,0.479,7.3,89.2,14.2,59,1.05,1.0,0.99,4.44,7.19,7.31,-0.2,1.4,0.86,0.48,0.6,0.51,0.05,10.6,53.9,0.9,0.93,0.98,0.93,,HIGH,,LINEUP-PROJ,1.108,0.604,22,,5.5,41.4,52.3,-12.8
LAD@ARI,ARI,9,,Ryan Waldschmidt,814439,R,Yoshinobu Yamamoto,R,SAME,141PA,141,258,FB 52/BRK 24/OFF 23,0.479,8.9,88.3,13.8,37,1.05,1.07,1.08,3.68,7.18,6.28,0.82,1.72,1.05,0.3,0.47,0.49,0.0,13.5,60.3,0.92,1.11,1.0,1.0,YES,HIGH,,"LINEUP-PROJ,RECENCY-HOT",1.145,0.547,30,YES,,,,
MIN@MIL,MIL,6,,Cooper Pratt,806198,R,Taj Bradley,R,SAME,126PA,126,222,FB 79/OFF 12/BRK 9,0.489,9.0,87.5,13.6,74,1.06,1.04,0.91,3.99,7.18,7.56,-0.46,1.31,0.84,0.46,0.44,0.43,0.2,9.2,59.4,1.08,0.9,0.91,0.96,,HIGH,,LINEUP-PROJ,0.928,0.404,39,,3.5,63.2,72.2,9.0
TB@SEA,SEA,2,,Cole Young,702284,L,Griffin Jax,R,OPP,335PA,335,232,FB 41/OFF 30/BRK 29,0.432,6.8,90.3,11.6,81,0.99,0.95,0.8,4.3,7.12,8.58,-1.54,1.62,0.95,0.38,0.52,0.47,0.0,15.6,60.3,0.97,0.79,0.9,0.85,,HIGH,,LINEUP-PROJ,1.032,0.464,40,,5.0,37.7,47.5,-16.5
CIN@WAS,CIN,5,,Dane Myers,667472,R,Andrew Alvarez,L,OPP,96PA,96,196,BRK 53/FB 42/OFF 5,0.436,6.6,88.4,17.0,31,0.99,0.96,0.89,4.28,7.12,7.47,-0.43,1.28,0.89,0.52,0.48,0.47,0.13,6.1,63.1,1.12,1.06,1.02,1.07,,HIGH,,"LINEUP-PROJ,RAIN,RECENCY-THIN",0.89,0.128,6,,5.5,44.3,54.5,-9.9
DET@SF,DET,5,,Gleyber Torres,650402,R,Landen Roupp,R,SAME,198PA,198,222,FB 56/BRK 33/OFF 11,0.439,7.3,88.8,12.1,37,1.0,0.96,1.03,4.19,7.11,6.97,0.06,1.49,0.95,0.48,0.52,0.53,0.0,11.0,61.4,0.79,1.21,1.05,1.01,,HIGH,,LINEUP-PROJ,0.996,0.431,28,,5.5,41.3,51.5,-12.9
LAD@ARI,ARI,6,,Nolan Arenado,571448,R,Yoshinobu Yamamoto,R,SAME,327PA,327,258,FB 52/BRK 24/OFF 23,0.445,7.5,85.1,16.3,71,1.01,0.93,1.02,4.05,7.11,7.14,-0.11,1.55,0.86,0.45,0.5,0.54,0.0,15.2,56.1,0.92,1.11,1.0,1.0,,HIGH,,LINEUP-PROJ,1.054,0.47,34,,3.5,58.7,68.8,4.5
TOR@PHI,PHI,8,,J.T. Realmuto,592663,R,Max Scherzer,R,SAME,252PA,252,63,FB 47/BRK 43/OFF 10,0.453,7.9,89.4,9.8,66,1.02,0.98,0.96,3.95,7.1,6.04,0.98,1.55,0.89,0.41,0.5,0.55,0.0,15.3,57.0,1.42,0.93,0.95,1.12,,MED,BPP HR-solid +28% SP factor,"LINEUP-PROJ,RAIN,SP-SMALL-SAMPLE",1.062,0.541,30,YES,4.5,49.9,59.7,-4.3
NYM@PIT,PIT,8,,Jared Triolo,669707,R,Robert Stock,R,SAME,177PA,177,6,,0.441,7.9,88.2,13.3,0,1.0,1.0,1.0,3.88,7.09,6.79,0.22,1.29,0.85,0.44,0.44,0.44,0.19,7.4,57.6,0.99,1.13,1.0,1.06,,LOW,,"LINEUP-PROJ,RAIN,SP-SMALL-SAMPLE,RECENCY-THIN",0.983,0.356,6,,,,,
LAD@ARI,LAD,5,,Tommy Edman,669242,L,Brandon Pfaadt,R,OPP,101PA,101,182,FB 54/BRK 24/OFF 22,0.455,6.8,87.4,12.0,62,1.02,0.88,0.92,4.18,7.08,7.86,-0.86,1.48,0.98,0.41,0.48,0.47,0.06,7.5,64.6,0.92,1.11,1.0,1.0,,HIGH,,LINEUP-PROJ,0.945,0.399,32,,5.5,42.8,52.6,-11.4
CIN@WAS,WSH,7,,Keibert Ruiz,660688,L,Chase Burns,R,OPP,182PA,182,316,FB 59/BRK 33/OFF 8,0.39,4.4,89.0,16.6,54,0.93,0.79,0.8,4.01,7.07,6.28,0.71,1.52,1.02,0.42,0.53,0.5,0.0,8.7,59.9,1.12,1.06,1.02,1.07,,HIGH,,"LINEUP-PROJ,RAIN,RECENCY-HOT",1.118,0.403,28,,3.5,64.8,74.2,10.5
TOR@PHI,TOR,5,,Vladimir Guerrero Jr.,665489,R,Aaron Nola,R,SAME,358PA,358,204,FB 57/BRK 37/OFF 6,0.426,8.5,89.2,9.2,74,0.98,1.0,1.0,4.35,7.05,6.22,0.75,1.5,0.88,0.38,0.53,0.59,0.0,13.3,60.5,1.42,0.93,0.95,1.12,,HIGH,BvP 5/8 1HR 1.75OPS,"LINEUP-PROJ,RAIN",0.951,0.364,35,YES,,,,
DET@SF,DET,8,,Hao-Yu Lee,701678,R,Landen Roupp,R,SAME,115PA,115,222,FB 56/BRK 33/OFF 11,0.427,10.7,89.0,13.6,42,0.98,1.2,1.01,3.81,7.04,6.4,0.56,1.67,1.03,0.34,0.45,0.48,0.0,13.1,62.7,0.79,1.21,1.05,1.01,,HIGH,,LINEUP-PROJ,1.039,0.441,21,YES,,,,
LAD@ARI,LAD,4,,Mookie Betts,605141,R,Brandon Pfaadt,R,SAME,235PA,235,151,FB 58/BRK 37/OFF 5,0.408,8.5,90.6,16.7,75,0.95,1.13,0.87,4.3,7.03,7.01,-0.06,1.52,0.95,0.36,0.51,0.57,0.0,11.7,63.4,0.92,1.11,1.0,1.0,,HIGH,,LINEUP-PROJ,0.953,0.342,32,,6.5,33.6,43.2,-20.6
TOR@PHI,TOR,4,,Nathan Lukes,664770,L,Aaron Nola,R,OPP,252PA,252,339,FB 46/BRK 32/OFF 21,0.369,3.6,86.1,10.6,95,0.9,0.6,0.84,4.47,7.02,7.23,-0.29,1.29,0.86,0.45,0.55,0.59,0.06,9.2,60.7,1.42,0.93,0.95,1.12,,HIGH,,"LINEUP-PROJ,RAIN",0.923,0.308,49,,5.5,41.4,51.6,-12.8
DET@SF,SF,6,,Daniel Susac,691740,R,Jackson Jobe,R,SAME,115PA,115,0,,0.441,7.9,88.2,13.3,0,1.0,1.0,1.0,4.06,6.99,7.11,-0.2,1.42,0.83,0.42,0.47,0.49,0.09,11.0,56.6,0.79,1.21,1.05,1.01,,LOW,,"LINEUP-PROJ,SP-SMALL-SAMPLE,RECENCY-THIN",1.0,,0,,4.0,52.7,60.8,-1.5
TOR@PHI,PHI,7,,Brandon Marsh,669016,L,Max Scherzer,R,OPP,331PA,331,96,FB 49/BRK 30/OFF 20,0.425,7.0,88.8,14.0,84,0.98,0.97,0.93,4.08,6.99,6.55,0.36,1.45,0.81,0.37,0.43,0.5,0.1,14.6,59.9,1.42,0.93,0.95,1.12,,MED,BPP: RC+20% HR+44%; BPP HR-solid +44% SP factor,"LINEUP-PROJ,RAIN,RECENCY-COLD",0.892,0.365,45,,5.5,36.6,45.8,-17.6
ATH@BOS,ATH,5,,Lawrence Butler,671732,L,Jake Bennett,L,SAME,87PA,87,74,FB 73/BRK 14/OFF 11,0.394,5.1,86.6,2.3,29,0.94,0.69,0.99,4.42,6.99,6.98,-0.07,1.28,0.87,0.52,0.54,0.52,0.06,5.7,61.0,1.05,1.23,1.1,1.17,,MED,,"LINEUP-PROJ,RAIN,SP-SMALL-SAMPLE",0.921,0.294,20,,4.5,55.5,66.3,1.3
NYM@PIT,PIT,6,,Ryan O'Hearn,656811,L,Robert Stock,R,OPP,285PA,285,12,FB 72/OFF 16/BRK 10,0.462,10.0,87.9,19.8,59,1.03,1.16,0.88,4.13,6.98,7.34,-0.44,1.58,0.89,0.44,0.44,0.49,0.0,14.4,63.5,0.99,1.13,1.0,1.06,,LOW,,"LINEUP-PROJ,RAIN,SP-SMALL-SAMPLE",0.88,0.301,18,,,,,
TB@SEA,TB,3,,Liam Hicks,689414,L,George Kirby,R,OPP,335PA,335,284,FB 47/BRK 41/OFF 12,0.427,4.8,87.0,14.8,76,0.98,0.75,0.8,4.18,6.97,7.9,-1.01,1.36,0.96,0.48,0.53,0.48,0.05,8.6,59.6,0.97,0.79,0.9,0.85,,HIGH,,LINEUP-PROJ,1.052,0.482,32,,5.0,41.9,52.9,-12.3
TOR@PHI,TOR,7,,Alejandro Kirk,672386,R,Aaron Nola,R,SAME,124PA,124,204,FB 57/BRK 37/OFF 6,0.396,3.6,88.3,10.1,67,0.94,0.64,0.8,4.08,6.96,6.08,0.8,1.51,0.98,0.36,0.52,0.54,0.0,12.8,60.2,1.42,0.93,0.95,1.12,,HIGH,BPP HR-solid +11% SP factor,"LINEUP-PROJ,RAIN",1.06,0.373,30,YES,5.5,38.8,49.4,-15.4
ATL@NYY,ATL,5,,Mauricio Dubón,643289,R,Gerrit Cole,R,SAME,292PA,292,112,FB 59/BRK 38/OFF 2,0.381,3.1,85.0,14.2,84,0.92,0.6,0.92,4.28,6.96,7.3,-0.42,1.27,0.93,0.36,0.5,0.48,0.15,5.2,63.4,1.21,0.94,0.99,1.07,YES,MED,,"LINEUP-PROJ,RAIN,RECENCY-COLD",0.917,0.322,34,,,,,
ATH@BOS,ATH,7,,Jeff McNeil,643446,L,Jake Bennett,L,SAME,74PA,74,74,FB 73/BRK 14/OFF 11,0.332,3.8,86.3,13.8,29,0.84,0.65,0.9,4.14,6.95,6.67,0.2,1.31,1.01,0.34,0.48,0.45,0.14,4.5,65.3,1.05,1.23,1.1,1.17,YES,MED,,"LINEUP-PROJ,RAIN,SP-SMALL-SAMPLE,RECENCY-THIN",0.95,0.252,11,,,,,
LAA@MIA,MIA,3,,Otto Lopez,672640,R,Walbert Ureña,R,SAME,379PA,379,210,FB 54/BRK 24/OFF 18,0.415,6.3,87.5,11.2,96,0.96,0.83,0.81,4.34,6.95,8.6,-1.73,1.21,0.81,0.39,0.45,0.43,0.21,5.4,60.8,0.87,1.02,0.98,0.95,,HIGH,,"LINEUP-PROJ,RECENCY-COLD",0.857,0.304,46,,6.5,37.4,45.7,-16.8
ATH@BOS,BOS,8,,Anthony Seigler,678011,L,Gage Jump,L,SAME,41PA,41,78,FB 50/BRK 50/OFF 0,0.434,9.8,85.7,15.7,29,0.99,1.06,1.05,4.01,6.95,5.97,0.9,1.53,0.91,0.42,0.48,0.52,0.0,11.5,59.9,1.05,1.23,1.1,1.17,,MED,,"LINEUP-PROJ,RAIN,SP-SMALL-SAMPLE,RECENCY-THIN",1.0,,0,YES,,,,
LAD@ARI,LAD,1,,Andy Pages,681624,R,Brandon Pfaadt,R,SAME,365PA,365,151,FB 58/BRK 37/OFF 5,0.4,3.7,86.8,13.5,81,0.94,0.64,0.96,4.7,6.94,8.08,-1.22,1.28,0.9,0.53,0.56,0.35,0.11,5.2,62.7,0.92,1.11,1.0,1.0,,HIGH,,"LINEUP-PROJ,RECENCY-COLD",0.911,0.344,34,,6.5,36.8,47.2,-17.4
LAA@MIA,LAA,9,,Josh Lowe,666139,L,Sandy Alcantara,R,OPP,203PA,203,402,FB 58/OFF 25/BRK 17,0.544,13.1,89.7,18.0,49,1.13,1.41,1.11,3.61,6.93,6.65,0.2,1.44,0.82,0.41,0.43,0.46,0.1,14.2,52.8,0.87,1.02,0.98,0.95,,HIGH,,"LINEUP-PROJ,RECENCY-THIN",1.091,0.642,13,,3.5,57.3,66.3,3.1
LAA@MIA,LAA,3,,Nolan Schanuel,694384,L,Sandy Alcantara,R,OPP,304PA,304,402,FB 58/OFF 25/BRK 17,0.486,4.0,89.2,15.6,78,1.06,0.76,0.8,4.34,6.92,7.94,-1.1,1.32,0.95,0.52,0.53,0.46,0.05,5.1,62.7,0.87,1.02,0.98,0.95,,HIGH,,LINEUP-PROJ,0.957,0.41,39,,5.0,43.4,54.3,-10.8
BAL@TEX,BAL,5,,Dylan Beavers,687637,L,Jacob deGrom,R,OPP,178PA,178,278,FB 44/BRK 36/OFF 19,0.495,7.3,90.1,17.5,46,1.07,1.05,1.04,4.08,6.9,7.44,-0.62,1.3,0.88,0.41,0.48,0.46,0.13,6.4,57.9,0.9,0.93,0.98,0.93,,HIGH,,LINEUP-PROJ,1.02,0.544,33,,4.5,55.5,65.1,1.3
LAA@MIA,MIA,4,,Heriberto Hernández,681715,R,Walbert Ureña,R,SAME,200PA,200,210,FB 54/BRK 24/OFF 18,0.447,11.8,89.4,13.8,62,1.01,1.27,1.14,4.22,6.9,8.0,-1.18,1.33,0.72,0.45,0.45,0.53,0.1,12.5,55.2,0.87,1.02,0.98,0.95,,HIGH,,"LINEUP-PROJ,RECENCY-COLD",0.901,0.416,28,,4.5,49.0,58.2,-5.2
LAA@MIA,MIA,2,,Xavier Edwards,669364,L,Walbert Ureña,R,OPP,377PA,377,237,FB 47/OFF 41/BRK 7,0.421,4.0,85.8,9.7,85,0.97,0.62,0.91,4.47,6.89,8.33,-1.52,1.04,0.82,0.57,0.5,0.37,0.21,2.3,60.0,0.87,1.02,0.98,0.95,,HIGH,,"LINEUP-PROJ,RECENCY-COLD",0.892,0.317,35,,6.5,37.8,48.2,-16.4
TB@SEA,TB,5,,Chandler Simpson,802415,L,George Kirby,R,OPP,301PA,301,284,FB 47/BRK 41/OFF 12,0.385,2.9,84.2,7.7,85,0.92,0.6,0.85,3.95,6.88,8.37,-1.57,1.27,0.99,0.29,0.46,0.41,0.2,3.5,60.8,0.97,0.79,0.9,0.85,,HIGH,,LINEUP-PROJ,1.049,0.376,36,,4.5,58.0,67.4,3.8
NYM@PIT,NYM,5,,Marcus Semien,543760,R,Bubba Chandler,R,SAME,295PA,295,226,FB 55/BRK 37/OFF 8,0.394,5.0,87.9,15.2,40,0.93,0.8,1.05,4.27,6.88,7.5,-0.7,1.24,0.76,0.44,0.49,0.53,0.12,10.5,55.6,0.99,1.13,1.0,1.06,,HIGH,,"LINEUP-PROJ,RAIN",0.942,0.348,35,,5.0,38.6,48.9,-15.6
BAL@TEX,TEX,6,,Evan Carter,694497,L,Kyle Bradish,R,OPP,288PA,288,325,FB 56/BRK 44,0.499,6.4,88.5,16.3,34,1.08,0.94,1.15,3.95,6.87,7.61,-0.82,1.18,0.75,0.53,0.45,0.42,0.17,7.7,53.0,0.9,0.93,0.98,0.93,,HIGH,,LINEUP-PROJ,1.005,0.514,19,,4.5,52.8,61.9,-1.4
NYM@PIT,PIT,7,,Jacob Gonzalez,694378,L,Robert Stock,R,OPP,125PA,125,12,FB 72/OFF 16/BRK 10,0.411,4.5,89.1,17.2,65,0.96,0.81,0.93,4.0,6.86,7.33,-0.55,1.49,0.91,0.3,0.45,0.48,0.07,11.8,60.6,0.99,1.13,1.0,1.06,YES,LOW,BPP HR-solid +32% SP factor,"LINEUP-PROJ,RAIN,SP-SMALL-SAMPLE",0.977,0.399,34,,3.5,58.0,67.7,3.8
CLE@CHW,CHW,4,,Braden Montgomery,695731,L,Gavin Williams,R,OPP,140PA,140,344,FB 50/BRK 48,0.477,5.6,89.8,7.9,54,1.05,0.82,1.01,4.32,6.85,7.41,-0.64,1.36,0.91,0.46,0.54,0.56,0.0,7.7,59.3,0.95,0.91,1.08,1.01,,HIGH,,LINEUP-PROJ,1.007,0.495,19,,3.5,64.0,73.7,9.8
ATL@NYY,ATL,4,,Michael Harris II,671739,L,Gerrit Cole,R,OPP,285PA,285,200,FB 48/BRK 29/OFF 20,0.399,5.4,90.4,10.2,82,0.94,0.82,0.93,4.4,6.84,7.82,-1.06,1.52,0.88,0.29,0.51,0.58,0.0,12.3,62.3,1.21,0.94,0.99,1.07,YES,HIGH,,"LINEUP-PROJ,RAIN,RECENCY-COLD",0.896,0.373,38,,5.5,36.7,46.9,-17.5
COL@STL,COL,5,,Mickey Moniak,666160,L,Matthew Liberatore,L,SAME,57PA,57,121,BRK 50/FB 50/OFF 0,0.384,7.2,86.9,14.4,17,0.92,0.91,0.99,4.12,6.83,7.45,-0.7,1.5,0.93,0.38,0.48,0.51,0.0,11.2,60.4,0.89,1.05,1.02,0.96,,MED,,"LINEUP-PROJ,RECENCY-THIN",1.0,,0,,,,,
HOU@SD,HOU,6,,Christian Walker,572233,R,Michael King,R,SAME,373PA,373,225,FB 51/BRK 34/OFF 15,0.46,8.0,86.7,16.1,62,1.03,0.97,1.07,3.98,6.82,6.78,-0.04,1.47,0.86,0.45,0.48,0.49,0.0,12.9,55.2,1.02,0.9,0.94,0.95,,HIGH,,LINEUP-PROJ,1.076,0.52,28,,,,,
CHC@KC,CHC,6,,Ian Happ,664023,L,Seth Lugo,R,OPP,360PA,360,372,FB 53/BRK 35/OFF 12,0.519,10.1,89.1,13.7,63,1.1,1.17,1.04,4.19,6.8,6.08,0.64,1.38,0.78,0.58,0.48,0.49,0.0,11.4,57.2,1.21,1.03,1.02,1.1,,HIGH,BPP: RC+24% HR+2%,"LINEUP-PROJ,RAIN,RECENCY-COLD",0.916,0.537,35,,5.5,38.1,47.4,-16.1
LAA@MIA,LAA,2,,Mike Trout,545361,R,Sandy Alcantara,R,SAME,331PA,331,268,FB 62/BRK 24/OFF 13,0.498,5.8,86.5,13.7,45,1.08,0.8,1.03,4.47,6.8,7.56,-0.84,1.29,0.85,0.53,0.54,0.44,0.05,7.6,58.7,0.87,1.02,0.98,0.95,,HIGH,,LINEUP-PROJ,0.965,0.632,18,,5.5,40.9,51.1,-13.3
COL@STL,STL,2,,Iván Herrera,671056,R,Kyle Freeland,L,OPP,156PA,156,369,FB 52/BRK 31/OFF 18,0.412,6.6,86.8,19.2,39,0.96,0.89,0.95,4.49,6.78,7.34,-0.64,1.35,0.85,0.39,0.5,0.42,0.1,9.0,61.6,0.89,1.05,1.02,0.96,YES,HIGH,,LINEUP-PROJ,0.884,0.354,18,,5.5,38.6,48.5,-15.6
TB@SEA,TB,7,,Victor Mesa Jr.,683748,L,George Kirby,R,OPP,126PA,126,284,FB 47/BRK 41/OFF 12,0.427,10.9,88.7,18.9,54,0.98,1.25,0.95,3.7,6.78,7.93,-1.23,1.48,0.74,0.33,0.35,0.42,0.13,16.7,53.7,0.97,0.79,0.9,0.85,,HIGH,,LINEUP-PROJ,0.958,0.433,24,,4.5,46.6,54.5,-7.6
DET@SF,SF,7,,Grant McCray,687529,L,Jackson Jobe,R,OPP,31PA,31,0,,0.441,7.9,88.2,13.3,0,1.0,1.0,1.0,3.93,6.77,6.84,-0.15,1.15,0.71,0.5,0.43,0.44,0.18,8.9,50.7,0.79,1.21,1.05,1.01,,LOW,,"LINEUP-PROJ,SP-SMALL-SAMPLE,THIN-SIDE-SAMPLE,RECENCY-THIN",1.0,,0,,3.0,60.1,69.2,5.9
ATL@NYY,NYY,9,,José Caballero,676609,R,Chris Sale,L,OPP,128PA,128,372,FB 46/BRK 40/OFF 15,0.424,6.9,84.3,14.5,26,0.98,0.88,1.12,3.77,6.76,6.84,-0.16,1.24,0.77,0.31,0.43,0.46,0.19,11.5,53.3,1.21,0.94,0.99,1.07,YES,HIGH,,"LINEUP-PROJ,RAIN,RECENCY-THIN",1.009,0.419,9,,3.0,56.0,65.6,1.8
ATL@NYY,ATL,3,,Ozzie Albies,645277,L,Gerrit Cole,R,OPP,302PA,302,200,FB 48/BRK 29/OFF 20,0.37,6.5,85.7,18.5,68,0.9,0.88,1.02,4.53,6.75,7.82,-1.15,1.35,0.73,0.4,0.5,0.55,0.05,14.1,57.9,1.21,0.94,0.99,1.07,,HIGH,,"LINEUP-PROJ,RAIN,RECENCY-COLD",0.835,0.266,36,,5.0,35.2,44.3,-19.0
LAD@ARI,LAD,8,,Max Muncy,571970,L,Brandon Pfaadt,R,OPP,315PA,315,182,FB 54/BRK 24/OFF 22,0.448,9.2,90.0,20.4,57,1.01,1.19,1.0,3.8,6.72,6.91,-0.27,1.49,0.81,0.37,0.41,0.46,0.06,14.4,56.7,0.92,1.11,1.0,1.0,,HIGH,,LINEUP-PROJ,0.966,0.531,24,,4.5,30.7,39.6,-23.5
LAD@ARI,LAD,8,,Max Muncy,571970,L,Brandon Pfaadt,R,OPP,315PA,315,182,FB 54/BRK 24/OFF 22,0.448,9.2,90.0,20.4,57,1.01,1.19,1.0,3.8,6.72,6.91,-0.27,1.49,0.81,0.37,0.41,0.46,0.06,14.4,56.7,0.92,1.11,1.0,1.0,,HIGH,,LINEUP-PROJ,0.966,0.531,24,,6.5,30.7,39.6,-23.5
HOU@SD,SD,5,,Jake Cronenworth,630105,L,Peter Lambert,R,OPP,202PA,202,248,FB 47/OFF 30/BRK 23,0.424,5.7,87.2,11.8,68,0.98,0.79,0.95,4.11,6.72,7.77,-1.13,1.12,0.8,0.49,0.49,0.47,0.14,6.4,54.6,1.02,0.9,0.94,0.95,,HIGH,,LINEUP-PROJ,1.016,0.421,34,,5.0,40.3,50.9,-13.9
COL@STL,STL,8,,José Fermín,665877,R,Kyle Freeland,L,OPP,114PA,114,369,FB 52/BRK 31/OFF 18,0.429,7.6,87.5,16.9,36,0.98,0.99,0.8,3.75,6.71,5.95,0.68,1.53,0.92,0.37,0.44,0.47,0.0,12.6,56.4,0.89,1.05,1.02,0.96,,HIGH,,"LINEUP-PROJ,RECENCY-THIN",1.103,0.54,13,,4.5,49.1,59.1,-5.1
COL@STL,COL,7,,Kyle Karros,691720,R,Matthew Liberatore,L,OPP,137PA,137,374,FB 43/BRK 37/OFF 20,0.452,6.8,87.6,15.3,32,1.02,0.92,1.01,3.86,6.67,7.5,-0.91,1.46,0.95,0.47,0.44,0.43,0.0,8.8,60.3,0.89,1.05,1.02,0.96,,HIGH,,"LINEUP-PROJ,RECENCY-THIN",1.029,0.547,6,,5.5,38.6,48.4,-15.6
CLE@CHW,CLE,8,,José Ramírez,608070,L,Anthony Kay,L,SAME,107PA,107,140,FB 62/BRK 38,0.492,7.3,90.2,11.9,21,1.07,0.99,0.96,3.81,6.67,6.24,0.35,1.17,0.82,0.4,0.42,0.42,0.19,7.4,55.8,0.95,0.91,1.08,1.01,,HIGH,,"LINEUP-PROJ,RECENCY-THIN",1.0,,0,,7.5,25.4,33.2,-28.9
CIN@WAS,CIN,9,,Edwin Arroyo,695490,L,Andrew Alvarez,L,SAME,34PA,34,81,BRK 55/FB 45,0.455,7.2,88.4,13.5,18,1.02,0.96,0.94,3.77,6.67,5.81,0.78,1.34,0.91,0.34,0.43,0.43,0.11,7.2,59.7,1.12,1.06,1.02,1.07,,MED,,"LINEUP-PROJ,RAIN,SP-SMALL-SAMPLE,THIN-SIDE-SAMPLE,RECENCY-THIN",1.0,,0,YES,,,,
BAL@TEX,TEX,4,,Jake Burger,669394,R,Kyle Bradish,R,SAME,355PA,355,211,BRK 54/FB 46,0.426,12.7,90.0,18.4,63,0.98,1.39,1.13,4.19,6.64,6.79,-0.23,1.45,0.78,0.38,0.45,0.56,0.0,16.2,57.3,0.9,0.93,0.98,0.93,,HIGH,,"LINEUP-PROJ,RECENCY-COLD",0.918,0.366,33,,4.5,44.4,54.0,-9.8
CLE@CHW,CLE,2,,Brayan Rocchio,677587,L,Anthony Kay,L,SAME,135PA,135,140,FB 62/BRK 38,0.338,3.9,85.7,11.7,24,0.85,0.63,0.91,4.57,6.62,6.83,-0.29,1.3,0.94,0.43,0.59,0.47,0.0,6.4,61.1,0.95,0.91,1.08,1.01,YES,HIGH,,"LINEUP-PROJ,RECENCY-THIN",1.0,,0,,3.0,62.9,72.2,8.7
ATH@BOS,ATH,8,,Alika Williams,675961,R,Jake Bennett,L,OPP,73PA,73,206,FB 60/OFF 30/BRK 9,0.391,5.0,85.4,14.1,45,0.93,0.74,0.84,4.01,6.62,5.89,0.65,1.48,1.01,0.3,0.5,0.49,0.0,7.0,63.0,1.05,1.23,1.1,1.17,YES,HIGH,,"LINEUP-PROJ,RAIN",1.021,0.334,24,,3.0,61.3,70.8,7.1
CLE@CHW,CLE,6,,Nathaniel Lowe,663993,L,Anthony Kay,L,SAME,32PA,32,140,FB 62/BRK 38,0.434,6.3,89.3,9.5,6,0.99,0.87,1.0,4.06,6.62,6.98,-0.44,1.44,0.95,0.37,0.49,0.49,0.0,9.5,60.2,0.95,0.91,1.08,1.01,YES,MED,,"LINEUP-PROJ,THIN-SIDE-SAMPLE,RECENCY-THIN",1.035,0.343,5,,,,,
CLE@CHW,CLE,7,,Petey Halpin,690984,L,Anthony Kay,L,SAME,26PA,26,140,FB 62/BRK 38,0.404,5.9,83.0,12.1,13,0.95,0.78,0.97,3.93,6.6,6.93,-0.41,1.15,0.81,0.36,0.43,0.43,0.19,6.9,55.3,0.95,0.91,1.08,1.01,YES,LOW,,"LINEUP-PROJ,THIN-SIDE-SAMPLE,RECENCY-THIN",1.0,,0,,,,,
TB@SEA,SEA,6,,Josh Naylor,647304,L,Griffin Jax,R,OPP,340PA,340,232,FB 41/OFF 30/BRK 29,0.386,2.8,87.4,9.7,80,0.92,0.6,0.92,3.83,6.59,7.43,-0.92,1.11,0.84,0.4,0.46,0.41,0.19,4.3,52.3,0.97,0.79,0.9,0.85,,HIGH,,"LINEUP-PROJ,RECENCY-HOT",1.134,0.496,27,,4.5,54.3,63.9,0.1
BAL@TEX,BAL,4,,Leody Taveras,665750,L,Jacob deGrom,R,OPP,244PA,244,278,FB 44/BRK 36/OFF 19,0.454,8.0,85.8,12.1,35,1.02,0.91,1.02,4.19,6.57,6.75,-0.26,1.29,0.74,0.45,0.52,0.58,0.0,12.1,50.2,0.9,0.93,0.98,0.93,,HIGH,,LINEUP-PROJ,1.062,0.523,17,,4.0,46.4,55.6,-7.8
BAL@TEX,BAL,8,,Colton Cowser,681297,L,Jacob deGrom,R,OPP,244PA,244,278,FB 44/BRK 36/OFF 19,0.552,8.3,89.3,15.1,32,1.14,1.08,1.08,3.7,6.56,6.33,0.15,1.07,0.71,0.47,0.44,0.44,0.18,8.1,46.7,0.9,0.93,0.98,0.93,,HIGH,,"LINEUP-PROJ,RECENCY-THIN",1.131,0.881,11,,3.0,59.3,68.6,5.1
TOR@PHI,PHI,9,,Justin Crawford,702222,L,Max Scherzer,R,OPP,292PA,292,96,FB 49/BRK 30/OFF 20,0.378,3.5,85.0,4.5,74,0.91,0.6,0.85,3.83,6.54,6.85,-0.39,1.17,0.86,0.34,0.42,0.4,0.19,4.7,60.0,1.42,0.93,0.95,1.12,,MED,,"LINEUP-PROJ,RAIN",0.935,0.312,35,,3.5,60.5,69.4,6.2
ATH@BOS,BOS,9,,Nick Sogard,686765,L,Gage Jump,L,SAME,22PA,22,78,FB 50/BRK 50/OFF 0,0.436,6.3,86.7,13.8,13,0.99,0.84,0.96,3.89,6.53,5.59,0.86,1.3,0.88,0.53,0.47,0.47,0.0,7.8,58.6,1.05,1.23,1.1,1.17,,LOW,,"LINEUP-PROJ,RAIN,SP-SMALL-SAMPLE,THIN-SIDE-SAMPLE,RECENCY-THIN",1.0,,0,YES,,,,
LAD@ARI,ARI,4,,Ketel Marte,606466,L,Yoshinobu Yamamoto,R,OPP,371PA,371,268,FB 53/OFF 31/BRK 15,0.408,7.2,87.7,16.8,94,0.95,0.97,0.95,4.3,6.49,7.42,-1.01,1.32,0.8,0.39,0.51,0.57,0.0,10.9,56.2,0.92,1.11,1.0,1.0,,HIGH,,LINEUP-PROJ,0.958,0.396,42,,5.0,35.2,45.5,-19.0
COL@STL,STL,7,,Nathan Church,701675,L,Kyle Freeland,L,SAME,73PA,73,134,FB 61/BRK 35/OFF 4,0.449,9.8,84.1,12.9,16,1.01,1.03,0.89,3.86,6.47,6.01,0.38,1.27,0.82,0.37,0.42,0.43,0.11,9.9,55.7,0.89,1.05,1.02,0.96,,HIGH,,"LINEUP-PROJ,RECENCY-THIN",1.0,,0,,3.5,56.3,66.6,2.1
HOU@SD,SD,7,,Xander Bogaerts,593428,R,Peter Lambert,R,SAME,341PA,341,215,FB 54/BRK 32/OFF 13,0.462,6.5,87.7,5.6,74,1.03,0.82,0.94,3.85,6.46,6.64,-0.26,1.09,0.75,0.45,0.42,0.4,0.18,6.1,52.6,1.02,0.9,0.94,0.95,,HIGH,,LINEUP-PROJ,1.003,0.455,30,,4.0,50.8,60.5,-3.4
DET@SF,SF,8,,Casey Schmitt,669477,R,Jackson Jobe,R,SAME,312PA,312,0,,0.441,7.9,88.2,13.3,0,1.0,1.0,1.0,3.81,6.44,6.08,0.28,1.32,0.81,0.31,0.42,0.45,0.1,11.1,55.6,0.79,1.21,1.05,1.01,,LOW,,"LINEUP-PROJ,SP-SMALL-SAMPLE,RECENCY-THIN",1.0,,0,,,,,
BAL@TEX,BAL,3,,Jackson Holliday,702616,L,Jacob deGrom,R,OPP,161PA,161,278,FB 44/BRK 36/OFF 19,0.451,3.3,86.3,10.4,50,1.01,0.6,1.0,4.31,6.44,7.8,-1.44,1.14,0.84,0.51,0.52,0.45,0.06,4.2,58.3,0.9,0.93,0.98,0.93,,HIGH,,LINEUP-PROJ,0.966,0.459,32,,4.5,53.4,63.2,-0.8
MIN@MIL,MIN,4,,Brooks Lee,686797,L,Robert Gasser,L,SAME,145PA,145,88,FB 71/BRK 28/OFF 1,0.418,4.5,87.3,13.2,41,0.97,0.73,0.87,4.24,6.43,7.23,-0.88,1.17,0.76,0.44,0.51,0.53,0.06,7.2,53.3,1.08,0.9,0.91,0.96,,MED,,"LINEUP-PROJ,SP-SMALL-SAMPLE,RECENCY-THIN",1.0,,0,,4.5,49.7,59.2,-4.5
NYM@PIT,NYM,2,,Bo Bichette,666182,R,Bubba Chandler,R,SAME,382PA,382,226,FB 55/BRK 37/OFF 8,0.404,4.6,86.5,7.6,88,0.95,0.65,0.91,4.64,6.43,6.94,-0.59,1.27,0.97,0.43,0.57,0.43,0.0,3.9,65.9,0.99,1.13,1.0,1.06,,HIGH,,"LINEUP-PROJ,RAIN,RECENCY-COLD",0.901,0.327,45,,5.5,39.7,50.4,-14.5
CLE@CHW,CHW,6,,Sam Antonacci,803011,L,Gavin Williams,R,OPP,310PA,310,344,FB 50/BRK 48,0.432,7.0,87.4,14.0,70,0.99,0.92,0.8,4.06,6.42,7.18,-0.84,1.29,0.85,0.42,0.45,0.45,0.05,8.8,60.3,0.95,0.91,1.08,1.01,,HIGH,,LINEUP-PROJ,0.928,0.447,33,,5.5,36.0,45.6,-18.2
CIN@WAS,WSH,9,,Brady House,691781,R,Chase Burns,R,SAME,153PA,153,190,FB 54/BRK 46/OFF 0,0.476,13.2,89.5,14.1,19,1.05,1.36,1.0,3.77,6.41,5.72,0.61,1.46,0.85,0.34,0.43,0.47,0.0,12.7,56.9,1.12,1.06,1.02,1.07,,HIGH,,"LINEUP-PROJ,RAIN,RECENCY-THIN",1.01,0.45,9,YES,,,,
LAA@MIA,LAA,4,,Vaughn Grissom,687093,R,Sandy Alcantara,R,SAME,181PA,181,268,FB 62/BRK 24/OFF 13,0.427,9.2,87.8,14.0,60,0.98,1.07,0.97,4.22,6.4,7.17,-0.85,1.41,0.9,0.33,0.46,0.5,0.0,9.7,63.4,0.87,1.02,0.98,0.95,YES,HIGH,,"LINEUP-PROJ,RECENCY-COLD",0.895,0.36,34,,5.0,35.6,45.1,-18.6
MIN@MIL,MIL,5,,William Contreras,661388,R,Taj Bradley,R,SAME,350PA,350,222,FB 79/OFF 12/BRK 9,0.433,8.3,89.8,8.7,82,0.99,0.99,0.85,4.12,6.37,6.38,-0.09,1.35,0.8,0.39,0.46,0.5,0.0,11.7,56.4,1.08,0.9,0.91,0.96,,HIGH,,LINEUP-PROJ,0.967,0.393,43,,5.0,33.2,42.7,-21.0
ATL@NYY,NYY,7,,Paul Goldschmidt,502671,R,Chris Sale,L,OPP,153PA,153,372,FB 46/BRK 40/OFF 15,0.451,10.2,87.4,14.1,37,1.01,1.11,1.02,4.01,6.37,5.85,0.44,1.38,0.76,0.38,0.45,0.5,0.0,15.0,54.5,1.21,0.94,0.99,1.07,YES,HIGH,,"LINEUP-PROJ,RAIN",0.966,0.496,20,,4.5,42.9,52.6,-11.3
LAA@MIA,LAA,8,,Jose Siri,642350,R,Sandy Alcantara,R,SAME,69PA,69,268,FB 62/BRK 24/OFF 13,0.414,7.0,87.7,11.6,12,0.96,0.9,0.99,3.73,6.34,6.62,-0.36,1.3,0.85,0.35,0.4,0.4,0.1,7.9,57.1,0.87,1.02,0.98,0.95,,HIGH,,"LINEUP-PROJ,RECENCY-THIN",1.0,,0,,,,,
LAA@MIA,MIA,9,,Esteury Ruiz,665923,R,Walbert Ureña,R,SAME,78PA,78,210,FB 54/BRK 24/OFF 18,0.495,7.1,83.3,13.9,19,1.07,0.88,0.96,3.61,6.33,6.84,-0.59,1.04,0.72,0.53,0.39,0.37,0.18,5.3,51.6,0.87,1.02,0.98,0.95,,HIGH,,"LINEUP-PROJ,RECENCY-THIN",0.991,0.483,8,,,,,
CLE@CHW,CHW,7,,Tristan Peters,671976,L,Gavin Williams,R,OPP,312PA,312,344,FB 50/BRK 48,0.412,8.4,88.6,20.0,68,0.96,1.09,0.93,3.93,6.29,6.53,-0.32,1.3,0.81,0.34,0.43,0.45,0.06,10.0,55.6,0.95,0.91,1.08,1.01,,HIGH,,LINEUP-PROJ,1.006,0.415,27,,3.0,54.5,63.7,0.3
CHC@KC,KC,9,,Josh Rojas,668942,L,Clay Holmes,R,OPP,57PA,57,126,FB 53/BRK 25/OFF 22,0.372,4.8,87.2,12.8,38,0.9,0.74,0.98,3.8,6.24,6.22,-0.06,1.21,0.81,0.33,0.43,0.43,0.11,7.1,56.6,1.21,1.03,1.02,1.1,,MED,,"LINEUP-PROJ,RAIN",0.972,0.26,24,,3.5,56.8,65.5,2.5
CHC@KC,KC,8,,Vinnie Pasquantino,686469,L,Clay Holmes,R,OPP,250PA,250,126,FB 53/BRK 25/OFF 22,0.426,5.8,90.3,14.7,56,0.98,0.91,0.84,3.93,6.24,6.12,0.04,1.3,0.89,0.44,0.45,0.44,0.0,7.6,60.4,1.21,1.03,1.02,1.1,,HIGH,,"LINEUP-PROJ,RAIN",0.957,0.404,17,,,,,
NYM@PIT,NYM,8,,Luis Robert Jr.,673357,R,Bubba Chandler,R,SAME,119PA,119,226,FB 55/BRK 37/OFF 8,0.456,6.1,86.3,12.1,41,1.02,0.79,1.05,3.88,6.23,5.52,0.63,1.26,0.82,0.4,0.49,0.5,0.0,9.7,52.3,0.99,1.13,1.0,1.06,,HIGH,,"LINEUP-PROJ,RAIN",1.114,0.529,15,YES,,,,
DET@SF,DET,9,,Max Clark,703601,L,Landen Roupp,R,OPP,23PA,23,297,FB 53/OFF 26/BRK 21,0.476,6.0,89.0,13.9,10,1.05,0.9,0.86,3.69,6.21,6.6,-0.47,1.33,0.89,0.46,0.41,0.41,0.0,7.1,59.1,0.79,1.21,1.05,1.01,,LOW,,"LINEUP-PROJ,THIN-SIDE-SAMPLE,RECENCY-THIN",1.0,0.588,10,,4.5,49.1,59.3,-5.1
BAL@TEX,BAL,6,,Christian Encarnacion-Strand,687952,R,Jacob deGrom,R,SAME,30PA,30,193,BRK 53/FB 44/OFF 3,0.393,8.7,89.7,18.6,21,0.93,1.15,0.84,3.95,6.2,6.7,-0.58,1.36,0.82,0.39,0.43,0.45,0.0,11.3,55.8,0.9,0.93,0.98,0.93,,MED,,"LINEUP-PROJ,THIN-SIDE-SAMPLE",1.0,0.328,21,,4.5,45.5,54.9,-8.7
ATL@NYY,NYY,3,,Trent Grisham,663757,L,Chris Sale,L,SAME,110PA,110,121,FB 60/BRK 38/OFF 2,0.401,3.8,87.3,12.7,28,0.94,0.66,0.84,4.53,6.2,6.55,-0.43,1.16,0.76,0.48,0.54,0.51,0.0,7.8,57.5,1.21,0.94,0.99,1.07,,HIGH,,"LINEUP-PROJ,RAIN",0.878,0.289,21,,3.5,58.7,68.5,4.4
ATH@BOS,ATH,9,,Donovan Walton,622268,L,Jake Bennett,L,SAME,19PA,19,74,FB 73/BRK 14/OFF 11,0.369,6.0,83.2,14.8,15,0.9,0.82,0.85,3.89,6.18,5.62,0.48,1.24,0.83,0.47,0.47,0.46,0.0,6.4,56.3,1.05,1.23,1.1,1.17,,LOW,,"LINEUP-PROJ,RAIN,SP-SMALL-SAMPLE,THIN-SIDE-SAMPLE,RECENCY-THIN",1.0,,0,,,,,
CHC@KC,KC,4,,Nick Loftin,679845,R,Clay Holmes,R,SAME,170PA,170,89,FB 64/BRK 32/OFF 4,0.352,3.6,83.7,13.5,66,0.87,0.62,0.8,4.45,6.14,6.59,-0.53,1.14,0.78,0.45,0.52,0.54,0.0,6.1,58.4,1.21,1.03,1.02,1.1,,MED,,"LINEUP-PROJ,RAIN,SP-SMALL-SAMPLE,RECENCY-COLD",0.892,0.28,36,,4.5,48.7,58.4,-5.5
HOU@SD,HOU,7,,Cam Smith,701358,R,Michael King,R,SAME,318PA,318,225,FB 51/BRK 34/OFF 15,0.436,8.4,88.7,14.8,63,0.99,1.07,1.02,3.85,6.13,6.67,-0.62,1.29,0.71,0.37,0.38,0.43,0.06,12.8,53.5,1.02,0.9,0.94,0.95,,HIGH,BPP: RC+22% HR+32%,LINEUP-PROJ,0.939,0.414,23,,3.5,50.3,59.2,-3.9
CIN@WAS,CIN,8,,Ke'Bryan Hayes,663647,R,Andrew Alvarez,L,OPP,50PA,50,196,BRK 53/FB 42/OFF 5,0.445,6.3,89.4,13.5,14,1.01,0.93,0.99,3.89,6.09,5.92,0.09,1.26,0.79,0.42,0.44,0.47,0.0,9.8,54.5,1.12,1.06,1.02,1.07,,MED,,"LINEUP-PROJ,RAIN,RECENCY-THIN",1.0,,0,,3.5,54.8,64.4,0.6
MIN@MIL,MIN,8,,Trevor Larnach,663616,L,Robert Gasser,L,SAME,51PA,51,88,FB 71/BRK 28/OFF 1,0.467,9.9,85.9,11.5,9,1.04,1.0,0.8,3.75,6.07,6.52,-0.53,1.31,0.75,0.44,0.4,0.44,0.0,12.3,52.8,1.08,0.9,0.91,0.96,,MED,,"LINEUP-PROJ,SP-SMALL-SAMPLE,RECENCY-THIN",1.0,,0,,,,,
LAA@MIA,LAA,5,,Jorge Soler,624585,R,Sandy Alcantara,R,SAME,275PA,275,268,FB 62/BRK 24/OFF 13,0.505,8.4,89.8,14.3,47,1.08,1.09,1.16,4.11,6.07,6.21,-0.22,1.22,0.74,0.46,0.47,0.48,0.0,8.7,53.2,0.87,1.02,0.98,0.95,,HIGH,,"LINEUP-PROJ,RECENCY-THIN",0.97,0.457,12,,,,,
ATL@NYY,NYY,8,,Ryan McMahon,641857,L,Chris Sale,L,SAME,58PA,58,121,FB 60/BRK 38/OFF 2,0.465,6.1,88.4,12.8,32,1.03,0.88,1.06,3.89,6.05,6.1,-0.13,1.24,0.76,0.45,0.44,0.46,0.0,9.1,53.0,1.21,0.94,0.99,1.07,,MED,,"LINEUP-PROJ,RAIN,RECENCY-THIN",1.0,,0,,,,,
MIN@MIL,MIL,9,,Luis Lara,800325,L,Taj Bradley,R,OPP,69PA,69,326,FB 65/OFF 26/BRK 9,0.457,6.6,88.1,9.6,41,1.02,0.86,0.89,3.63,6.04,6.72,-0.76,1.06,0.68,0.48,0.4,0.39,0.13,6.0,48.6,1.08,0.9,0.91,0.96,,HIGH,,LINEUP-PROJ,1.019,0.483,27,,4.0,47.4,56.7,-6.8
HOU@SD,HOU,8,,Yainer Diaz,673237,R,Michael King,R,SAME,174PA,174,225,FB 51/BRK 34/OFF 15,0.428,7.5,87.4,9.9,65,0.98,0.89,0.84,3.73,6.04,6.13,-0.17,1.38,0.84,0.3,0.41,0.45,0.0,12.8,56.4,1.02,0.9,0.94,0.95,,HIGH,,LINEUP-PROJ,1.016,0.417,29,,3.5,50.0,59.8,-4.2
LAA@MIA,LAA,7,,Wade Meckler,685133,L,Sandy Alcantara,R,OPP,161PA,161,402,FB 58/OFF 25/BRK 17,0.464,4.3,87.9,8.6,55,1.03,0.67,0.93,3.85,6.04,7.18,-1.22,1.16,0.86,0.39,0.41,0.38,0.09,4.8,58.6,0.87,1.02,0.98,0.95,,HIGH,,LINEUP-PROJ,0.973,0.438,25,,5.5,35.4,45.0,-18.8
MIN@MIL,MIN,7,,Ryan Kreidler,668952,R,Robert Gasser,L,OPP,85PA,85,199,FB 64/BRK 25/OFF 11,0.369,4.2,89.3,12.6,29,0.9,0.74,0.97,3.86,6.03,6.81,-0.86,1.08,0.69,0.29,0.4,0.4,0.19,6.6,50.9,1.08,0.9,0.91,0.96,YES,HIGH,,LINEUP-PROJ,0.97,0.373,18,,3.0,54.8,63.8,0.6
TB@SEA,TB,6,,Cedric Mullins,656775,L,George Kirby,R,OPP,292PA,292,284,FB 47/BRK 41/OFF 12,0.404,7.5,87.7,19.2,66,0.95,1.0,0.99,3.83,6.01,8.11,-2.18,1.13,0.59,0.35,0.33,0.37,0.18,11.5,51.5,0.97,0.79,0.9,0.85,,HIGH,,"LINEUP-PROJ,RECENCY-COLD",0.824,0.229,25,,4.5,43.3,50.8,-10.9
TB@SEA,TB,2,,Yandy Díaz,650490,R,George Kirby,R,SAME,355PA,355,261,FB 59/BRK 37/OFF 4,0.405,5.8,89.5,6.9,88,0.95,0.82,0.85,4.3,5.99,7.42,-1.51,1.15,0.8,0.35,0.46,0.37,0.09,6.4,58.2,0.97,0.79,0.9,0.85,,HIGH,,"LINEUP-PROJ,RECENCY-COLD",0.914,0.382,37,,6.5,28.6,36.6,-25.6
MIN@MIL,MIN,6,,Ryan Jeffers,680777,R,Robert Gasser,L,OPP,86PA,86,199,FB 64/BRK 25/OFF 11,0.424,6.2,86.2,16.9,26,0.98,0.86,0.8,3.99,5.97,7.13,-1.24,1.26,0.77,0.44,0.42,0.42,0.0,10.5,58.3,1.08,0.9,0.91,0.96,,HIGH,,"LINEUP-PROJ,RECENCY-THIN",0.883,0.309,13,,5.5,30.6,39.7,-23.6
HOU@SD,HOU,4,,Jose Altuve,514888,R,Michael King,R,SAME,310PA,310,225,FB 51/BRK 34/OFF 15,0.354,3.9,86.3,10.4,89,0.88,0.62,0.91,4.22,5.96,7.04,-1.16,1.16,0.79,0.39,0.47,0.5,0.0,7.7,56.5,1.02,0.9,0.94,0.95,,HIGH,,LINEUP-PROJ,0.947,0.326,42,,5.0,32.6,42.3,-21.6
COL@STL,COL,8,,Ezequiel Tovar,678662,R,Matthew Liberatore,L,OPP,114PA,114,374,FB 43/BRK 37/OFF 20,0.426,7.4,87.3,11.7,27,0.98,0.9,1.09,3.75,5.92,5.76,0.08,1.28,0.78,0.37,0.42,0.44,0.0,10.0,52.4,0.89,1.05,1.02,0.96,,HIGH,,"LINEUP-PROJ,RECENCY-THIN",1.057,0.625,5,,3.0,52.4,61.8,-1.8
DET@SF,SF,9,,Christian Koss,683766,R,Jackson Jobe,R,SAME,52PA,52,0,,0.441,7.9,88.2,13.3,0,1.0,1.0,1.0,3.69,5.92,5.61,0.23,1.12,0.77,0.36,0.4,0.4,0.1,6.3,53.8,0.79,1.21,1.05,1.01,,LOW,,"LINEUP-PROJ,SP-SMALL-SAMPLE,RECENCY-THIN",1.0,,0,,3.0,54.5,63.7,0.3
NYM@PIT,PIT,9,,Henry Davis,680779,R,Robert Stock,R,SAME,173PA,173,6,,0.441,7.9,88.2,13.3,0,1.0,1.0,1.0,3.76,5.92,5.82,0.02,1.23,0.74,0.44,0.41,0.44,0.0,10.6,53.7,0.99,1.13,1.0,1.06,,LOW,,"LINEUP-PROJ,RAIN,SP-SMALL-SAMPLE,RECENCY-THIN",0.965,0.437,13,,3.0,51.8,61.6,-2.4
CIN@WAS,WSH,8,,José Tena,677588,L,Chase Burns,R,OPP,219PA,219,316,FB 59/BRK 33/OFF 8,0.45,4.7,90.2,8.4,46,1.01,0.75,1.05,3.89,5.92,6.7,-0.86,1.21,0.77,0.46,0.42,0.43,0.0,8.0,55.9,1.12,1.06,1.02,1.07,,HIGH,,"LINEUP-PROJ,RAIN",0.939,0.376,22,,3.5,55.2,64.2,1.0
HOU@SD,HOU,5,,Daulton Varsho,662139,L,Michael King,R,OPP,300PA,300,339,FB 45/OFF 37/BRK 18,0.384,4.5,86.3,16.5,72,0.92,0.72,0.94,4.11,5.89,6.28,-0.47,1.03,0.76,0.45,0.48,0.45,0.05,4.6,52.8,1.02,0.9,0.94,0.95,,HIGH,,LINEUP-PROJ,1.008,0.414,35,,5.5,34.3,44.6,-19.9
CLE@CHW,CHW,3,,Colson Montgomery,695657,L,Gavin Williams,R,OPP,327PA,327,344,FB 50/BRK 48,0.437,8.8,88.6,27.1,45,0.99,1.11,1.22,4.44,5.88,7.23,-1.43,1.19,0.66,0.39,0.46,0.5,0.0,11.6,54.6,0.95,0.91,1.08,1.01,,HIGH,,LINEUP-PROJ,0.837,0.253,16,,4.5,40.4,49.0,-13.9
CLE@CHW,CHW,8,,Andrew Benintendi,643217,L,Gavin Williams,R,OPP,314PA,314,344,FB 50/BRK 48,0.45,5.9,88.6,14.3,55,1.01,0.89,1.0,3.81,5.87,6.6,-0.81,1.28,0.8,0.37,0.41,0.42,0.0,8.9,56.3,0.95,0.91,1.08,1.01,,HIGH,,LINEUP-PROJ,0.965,0.448,26,,4.5,44.7,53.7,-9.5
TB@SEA,TB,4,,Jonathan Aranda,666018,L,George Kirby,R,OPP,353PA,353,284,FB 47/BRK 41/OFF 12,0.5,9.3,91.5,13.1,82,1.08,1.13,0.87,4.06,5.84,7.83,-2.07,1.25,0.8,0.4,0.39,0.43,0.0,9.1,60.8,0.97,0.79,0.9,0.85,,HIGH,,"LINEUP-PROJ,RECENCY-COLD",0.846,0.406,36,,5.5,30.5,39.1,-23.7
HOU@SD,SD,9,,Luis Campusano,669134,R,Peter Lambert,R,SAME,112PA,112,215,FB 54/BRK 32/OFF 13,0.486,8.4,89.0,13.6,36,1.06,1.06,0.94,3.61,5.83,6.13,-0.38,1.23,0.81,0.46,0.38,0.38,0.0,8.8,57.2,1.02,0.9,0.94,0.95,,HIGH,,LINEUP-PROJ,0.957,0.459,18,,4.5,44.1,54.5,-10.1
TB@SEA,TB,9,,Richie Palacios,680700,L,George Kirby,R,OPP,239PA,239,284,FB 47/BRK 41/OFF 12,0.445,7.1,84.3,13.0,54,1.01,0.87,0.94,3.48,5.8,6.51,-0.79,1.15,0.67,0.4,0.37,0.4,0.07,11.6,46.4,0.97,0.79,0.9,0.85,,HIGH,,"LINEUP-PROJ,RECENCY-THIN",1.088,0.563,14,,3.5,48.4,57.6,-5.8
CHC@KC,KC,6,,Michael Massey,686681,L,Clay Holmes,R,OPP,251PA,251,126,FB 53/BRK 25/OFF 22,0.412,4.6,89.3,14.9,75,0.96,0.81,0.86,4.19,5.78,6.66,-0.96,1.21,0.81,0.37,0.44,0.43,0.0,6.1,61.1,1.21,1.03,1.02,1.1,,HIGH,,"LINEUP-PROJ,RAIN,RECENCY-COLD",0.865,0.291,43,,4.5,46.0,54.9,-8.2
LAA@MIA,MIA,8,,Joe Mack,691788,L,Walbert Ureña,R,OPP,175PA,175,237,FB 47/OFF 41/BRK 7,0.449,10.0,87.4,8.7,53,1.01,1.01,1.11,3.73,5.76,6.58,-0.9,1.27,0.71,0.35,0.39,0.45,0.0,13.4,50.9,0.87,1.02,0.98,0.95,,HIGH,,LINEUP-PROJ,0.993,0.498,22,,3.5,46.9,56.1,-7.3
BAL@TEX,BAL,7,,Coby Mayo,691723,R,Jacob deGrom,R,SAME,197PA,197,193,BRK 53/FB 44/OFF 3,0.404,4.6,90.7,18.5,27,0.95,0.84,1.18,3.82,5.75,6.95,-1.28,1.26,0.74,0.36,0.4,0.42,0.0,9.8,53.0,0.9,0.93,0.98,0.93,,HIGH,,"LINEUP-PROJ,RECENCY-THIN",0.992,0.408,7,,3.5,50.3,59.1,-3.9
LAA@MIA,LAA,6,,Denzer Guzman,694203,R,Sandy Alcantara,R,SAME,115PA,115,268,FB 62/BRK 24/OFF 13,0.397,5.1,88.1,9.1,46,0.94,0.74,0.83,3.98,5.75,6.33,-0.66,1.1,0.8,0.32,0.41,0.39,0.09,5.1,58.3,0.87,1.02,0.98,0.95,YES,HIGH,,LINEUP-PROJ,0.92,0.285,18,,,,,
COL@STL,STL,9,,Jimmy Crooks,699625,L,Kyle Freeland,L,SAME,14PA,14,134,FB 61/BRK 35/OFF 4,0.441,7.9,88.2,13.3,0,1.0,1.0,1.0,3.63,5.71,5.73,-0.1,1.27,0.77,0.34,0.38,0.41,0.0,10.1,53.7,0.89,1.05,1.02,0.96,,LOW,,"LINEUP-PROJ,THIN-SIDE-SAMPLE,RECENCY-THIN",1.0,,0,,,,,
CLE@CHW,CLE,9,,Patrick Bailey,672275,L,Anthony Kay,L,SAME,37PA,37,140,FB 62/BRK 38,0.469,7.2,87.9,16.4,11,1.04,0.98,1.08,3.69,5.69,5.59,0.02,1.2,0.77,0.37,0.41,0.43,0.0,9.7,53.8,0.95,0.91,1.08,1.01,,MED,,"LINEUP-PROJ,THIN-SIDE-SAMPLE,RECENCY-THIN",1.0,,0,,,,,
TB@SEA,SEA,4,,Dominic Canzone,686527,L,Griffin Jax,R,OPP,287PA,287,232,FB 41/OFF 30/BRK 29,0.409,7.7,89.0,9.4,71,0.96,0.95,1.06,4.06,5.68,7.45,-1.85,1.17,0.67,0.37,0.42,0.47,0.0,11.4,51.3,0.97,0.79,0.9,0.85,,HIGH,,LINEUP-PROJ,0.931,0.405,35,,4.5,39.1,47.6,-15.1
LAD@ARI,ARI,7,,Lars Nootbaar,663457,L,Yoshinobu Yamamoto,R,OPP,161PA,161,268,FB 53/OFF 31/BRK 15,0.479,7.8,90.8,8.8,74,1.05,0.97,0.88,3.92,5.6,6.04,-0.52,1.12,0.75,0.45,0.42,0.39,0.0,5.6,54.5,0.92,1.11,1.0,1.0,,HIGH,,LINEUP-PROJ,0.952,0.48,44,,4.0,44.0,53.2,-10.2
LAA@MIA,MIA,7,,Jakob Marsee,805300,L,Walbert Ureña,R,OPP,347PA,347,237,FB 47/OFF 41/BRK 7,0.418,6.4,86.9,15.2,100,0.97,0.87,0.91,3.85,5.58,6.17,-0.67,1.07,0.72,0.52,0.41,0.4,0.0,6.1,51.4,0.87,1.02,0.98,0.95,,HIGH,,LINEUP-PROJ,0.995,0.454,19,,5.5,30.9,39.8,-23.3
BAL@TEX,TEX,5,,Nicky Lopez,670032,L,Kyle Bradish,R,OPP,152PA,152,325,FB 56/BRK 44,0.395,3.0,84.9,6.6,45,0.94,0.6,0.99,4.08,5.57,6.36,-0.87,1.06,0.85,0.39,0.47,0.43,0.0,2.9,57.1,0.9,0.93,0.98,0.93,,HIGH,,LINEUP-PROJ,1.001,0.387,24,,3.0,56.8,67.2,2.6
LAA@MIA,MIA,6,,Javier Sanoja,691594,R,Walbert Ureña,R,SAME,209PA,209,210,FB 54/BRK 24/OFF 18,0.343,4.3,85.9,14.8,79,0.86,0.7,0.8,3.98,5.56,7.18,-1.7,1.11,0.77,0.34,0.4,0.37,0.06,3.7,57.1,0.87,1.02,0.98,0.95,,HIGH,,"LINEUP-PROJ,RECENCY-COLD",0.906,0.242,33,,3.5,54.0,63.1,-0.2
ATL@NYY,ATL,8,,Jim Jarvis,805347,L,Gerrit Cole,R,OPP,74PA,74,200,FB 48/BRK 29/OFF 20,0.352,5.3,86.5,6.6,58,0.87,0.7,0.85,3.89,5.52,6.09,-0.65,1.17,0.76,0.31,0.42,0.43,0.0,7.1,55.0,1.21,0.94,0.99,1.07,,HIGH,,"LINEUP-PROJ,RAIN",0.954,0.25,37,,3.0,50.2,60.4,-4.0
BAL@TEX,BAL,9,,Tyler O'Neill,641933,R,Jacob deGrom,R,SAME,112PA,112,193,BRK 53/FB 44/OFF 3,0.395,6.0,87.1,13.7,13,0.94,0.83,1.16,3.59,5.48,7.02,-1.62,1.17,0.7,0.39,0.37,0.4,0.0,10.5,50.2,0.9,0.93,0.98,0.93,,HIGH,,"LINEUP-PROJ,RECENCY-THIN",1.0,,0,,,,,
TB@SEA,SEA,5,,Taylor Ward,621493,R,Griffin Jax,R,SAME,381PA,381,149,FB 44/BRK 43/OFF 12,0.453,4.6,86.1,14.5,80,1.02,0.71,0.95,3.95,5.48,6.61,-1.21,0.89,0.64,0.57,0.43,0.4,0.05,4.5,48.3,0.97,0.79,0.9,0.85,,HIGH,,LINEUP-PROJ,0.977,0.471,34,,3.5,55.4,65.7,1.2
TB@SEA,TB,8,,Taylor Walls,670764,L,George Kirby,R,OPP,209PA,209,284,FB 47/BRK 41/OFF 12,0.447,5.5,84.1,8.7,51,1.01,0.72,1.05,3.59,5.47,6.43,-1.04,0.89,0.62,0.38,0.36,0.33,0.18,3.8,46.1,0.97,0.79,0.9,0.85,,HIGH,,LINEUP-PROJ,1.0,0.436,16,,3.5,52.4,60.9,-1.8
NYM@PIT,NYM,9,,Jorge Polanco,593871,L,Bubba Chandler,R,OPP,108PA,108,261,FB 53/OFF 23/BRK 23,0.368,4.8,85.4,11.4,48,0.9,0.7,0.87,3.76,5.44,5.02,0.34,1.08,0.67,0.37,0.44,0.45,0.0,6.8,47.0,0.99,1.13,1.0,1.06,,HIGH,,"LINEUP-PROJ,RAIN",1.07,0.352,20,,3.5,51.1,61.1,-3.1
LAD@ARI,ARI,8,,Max Kepler,596146,L,Yoshinobu Yamamoto,R,OPP,97PA,97,268,FB 53/OFF 31/BRK 15,0.414,9.2,88.3,17.9,67,0.96,1.13,0.98,3.8,5.44,5.96,-0.6,1.14,0.7,0.38,0.39,0.41,0.0,8.5,52.4,0.92,1.11,1.0,1.0,,HIGH,,LINEUP-PROJ,0.944,0.351,39,,3.0,49.1,58.1,-5.1
CHC@KC,CHC,9,,Carson Kelly,608348,R,Seth Lugo,R,SAME,206PA,206,197,FB 50/BRK 47/OFF 3,0.379,4.0,85.3,11.0,49,0.91,0.63,0.8,3.8,5.38,5.62,-0.32,1.05,0.73,0.43,0.4,0.4,0.0,6.6,54.4,1.21,1.03,1.02,1.1,,HIGH,,"LINEUP-PROJ,RAIN,RECENCY-COLD",0.92,0.306,30,,,,,
BAL@TEX,TEX,8,,Elias Díaz,553869,R,Kyle Bradish,R,SAME,86PA,86,211,BRK 54/FB 46,0.358,5.0,83.8,12.5,37,0.88,0.73,1.07,3.7,5.17,5.64,-0.55,1.07,0.7,0.31,0.4,0.41,0.0,7.4,48.4,0.9,0.93,0.98,0.93,,HIGH,,LINEUP-PROJ,1.064,0.391,15,,3.0,46.5,56.4,-7.8
BAL@TEX,TEX,9,,Cam Cauley,695508,R,Kyle Bradish,R,SAME,28PA,28,211,BRK 54/FB 46,0.411,4.7,85.7,15.8,17,0.96,0.74,0.92,3.59,5.12,5.57,-0.53,1.05,0.68,0.38,0.37,0.36,0.0,5.7,49.3,0.9,0.93,0.98,0.93,,LOW,,"LINEUP-PROJ,THIN-SIDE-SAMPLE,RECENCY-THIN",1.004,0.373,10,,,,,
COL@STL,COL,9,,Troy Johnston,687859,L,Matthew Liberatore,L,SAME,89PA,89,121,BRK 50/FB 50/OFF 0,0.376,4.6,89.0,15.1,18,0.91,0.8,0.98,3.63,5.08,4.94,0.06,1.02,0.72,0.38,0.38,0.37,0.0,5.1,51.9,0.89,1.05,1.02,0.96,,HIGH,,"LINEUP-PROJ,RECENCY-THIN",0.988,0.263,5,,3.5,48.1,58.0,-6.1
TB@SEA,SEA,7,,Cal Raleigh,663728,L,Griffin Jax,R,OPP,254PA,254,232,FB 41/OFF 30/BRK 29,0.489,11.2,89.4,22.1,53,1.06,1.3,1.08,3.7,5.05,5.96,-0.99,1.01,0.55,0.46,0.35,0.36,0.0,10.6,44.8,0.97,0.79,0.9,0.85,,HIGH,,LINEUP-PROJ,0.933,0.409,18,,4.5,33.1,40.8,-21.2
TB@SEA,SEA,9,,Weston Wilson,642215,R,Griffin Jax,R,SAME,48PA,48,149,FB 44/BRK 43/OFF 12,0.422,8.2,85.5,15.0,12,0.97,0.96,1.16,3.48,5.04,5.62,-0.66,1.06,0.6,0.37,0.35,0.38,0.0,10.7,44.7,0.97,0.79,0.9,0.85,,MED,,"LINEUP-PROJ,RECENCY-THIN",1.021,0.43,5,,,,,
LAD@ARI,LAD,7,,Teoscar Hernández,606192,R,Brandon Pfaadt,R,SAME,238PA,238,151,FB 58/BRK 37/OFF 5,0.422,5.9,87.6,17.3,45,0.97,0.88,1.18,3.92,4.96,5.89,-1.01,1.01,0.63,0.38,0.37,0.37,0.0,6.2,52.4,0.92,1.11,1.0,1.0,,HIGH,,"LINEUP-PROJ,RECENCY-COLD",0.858,0.3,26,,5.5,25.1,32.3,-29.1
MIN@MIL,MIN,9,,Victor Caratini,605170,L,Robert Gasser,L,SAME,107PA,107,88,FB 71/BRK 28/OFF 1,0.413,5.6,88.8,13.3,25,0.96,0.86,0.87,3.63,4.95,5.11,-0.24,0.97,0.63,0.38,0.38,0.38,0.0,6.6,46.9,1.08,0.9,0.91,0.96,,MED,,"LINEUP-PROJ,SP-SMALL-SAMPLE,RECENCY-THIN",1.0,,0,,3.5,45.6,54.5,-8.6
HOU@SD,SD,8,,Gavin Sheets,657757,L,Peter Lambert,R,OPP,312PA,312,248,FB 47/OFF 30/BRK 23,0.463,5.3,85.7,8.0,63,1.03,0.7,0.83,3.73,4.68,5.75,-1.15,0.78,0.52,0.56,0.36,0.35,0.0,5.2,44.1,1.02,0.9,0.94,0.95,,HIGH,,LINEUP-PROJ,0.902,0.353,22,,4.5,33.0,41.8,-21.3
CLE@CHW,CHW,9,,Drew Romo,691011,L,Gavin Williams,R,OPP,127PA,127,344,FB 50/BRK 48,0.36,4.6,84.7,23.4,19,0.88,0.74,1.11,3.69,4.21,5.05,-0.92,0.77,0.52,0.35,0.35,0.35,0.0,4.6,44.1,0.95,0.91,1.08,1.01,,HIGH,,"LINEUP-PROJ,RECENCY-THIN",0.894,0.215,13,,2.5,50.0,58.5,-4.2
TB@SEA,SEA,8,,Colt Emerson,806068,L,Griffin Jax,R,OPP,162PA,162,232,FB 41/OFF 30/BRK 29,0.42,5.8,86.5,9.0,49,0.97,0.73,1.09,3.59,3.97,5.37,-1.48,0.75,0.52,0.31,0.31,0.32,0.0,5.0,43.0,0.97,0.79,0.9,0.85,,HIGH,,LINEUP-PROJ,0.924,0.301,26,,2.5,47.1,55.3,-7.1
